action_type,activity_comment,activity_id,activity_properties,assay_chembl_id,assay_description,assay_type,assay_variant_accession,assay_variant_mutation,bao_endpoint,bao_format,bao_label,canonical_smiles,data_validity_comment,data_validity_description,document_chembl_id,document_journal,document_year,ligand_efficiency,molecule_chembl_id,molecule_pref_name,parent_molecule_chembl_id,pchembl_value,potential_duplicate,qudt_units,record_id,relation,src_id,standard_flag,standard_relation,standard_text_value,standard_type,standard_units,standard_upper_value,standard_value,target_chembl_id,target_organism,target_pref_name,target_tax_id,text_value,toid,type,units,uo_units,upper_value,value
,,2077278,[],CHEMBL944926,Binding affinity to GST tagged human CFTR PDZ2 domain,B,,,BAO_0000190,BAO_0000357,single protein format,CCCCC(O)c1[nH]c2cc(C)c(C(=O)O)cc2c1CCc1ccccc1,Outside typical range,"Values for this activity type are unusually large/small, so may not be accurate",CHEMBL1141464,Bioorg Med Chem Lett,2008,,CHEMBL403296,,CHEMBL403296,,0,http://www.openphacts.org/units/Nanomolar,688740,=,1,1,=,,IC50,nM,,160000.0,CHEMBL4051,Homo sapiens,Cystic fibrosis transmembrane conductance regulator,9606,,,IC50,uM,UO_0000065,,160.0
,,2077283,[],CHEMBL944926,Binding affinity to GST tagged human CFTR PDZ2 domain,B,,,BAO_0000190,BAO_0000357,single protein format,Cc1cc2c(CO)c(CCCCC(=O)O)n(CCc3ccccc3)c2cc1C(=O)O,Outside typical range,"Values for this activity type are unusually large/small, so may not be accurate",CHEMBL1141464,Bioorg Med Chem Lett,2008,,CHEMBL403297,,CHEMBL403297,,0,http://www.openphacts.org/units/Nanomolar,688745,=,1,1,=,,IC50,nM,,170000.0,CHEMBL4051,Homo sapiens,Cystic fibrosis transmembrane conductance regulator,9606,,,IC50,uM,UO_0000065,,170.0
,,2077284,[],CHEMBL944926,Binding affinity to GST tagged human CFTR PDZ2 domain,B,,,BAO_0000190,BAO_0000357,single protein format,CCCCCc1c(CO)c2cc(C)c(C(=O)O)cc2n1CCc1ccccc1,Outside typical range,"Values for this activity type are unusually large/small, so may not be accurate",CHEMBL1141464,Bioorg Med Chem Lett,2008,,CHEMBL250740,,CHEMBL250740,,0,http://www.openphacts.org/units/Nanomolar,688744,=,1,1,=,,IC50,nM,,380000.0,CHEMBL4051,Homo sapiens,Cystic fibrosis transmembrane conductance regulator,9606,,,IC50,uM,UO_0000065,,380.0
,,2077285,[],CHEMBL944926,Binding affinity to GST tagged human CFTR PDZ2 domain,B,,,BAO_0000190,BAO_0000357,single protein format,Cc1cc2[nH]c(C(=O)NCCC(=O)O)c(CCc3ccccc3)c2cc1C(=O)O,Outside typical range,"Values for this activity type are unusually large/small, so may not be accurate",CHEMBL1141464,Bioorg Med Chem Lett,2008,,CHEMBL252273,,CHEMBL252273,,0,http://www.openphacts.org/units/Nanomolar,688743,=,1,1,=,,IC50,nM,,490000.0,CHEMBL4051,Homo sapiens,Cystic fibrosis transmembrane conductance regulator,9606,,,IC50,uM,UO_0000065,,490.0
,,2077286,[],CHEMBL944926,Binding affinity to GST tagged human CFTR PDZ2 domain,B,,,BAO_0000190,BAO_0000357,single protein format,Cc1cc2[nH]c(C(O)CCCC(=O)O)c(CCc3ccccc3)c2cc1C(=O)O,Outside typical range,"Values for this activity type are unusually large/small, so may not be accurate",CHEMBL1141464,Bioorg Med Chem Lett,2008,,CHEMBL252077,,CHEMBL252077,,0,http://www.openphacts.org/units/Nanomolar,688741,=,1,1,=,,IC50,nM,,330000.0,CHEMBL4051,Homo sapiens,Cystic fibrosis transmembrane conductance regulator,9606,,,IC50,uM,UO_0000065,,330.0
,,2238325,[],CHEMBL976298,Inhibition of human wild type CFTR expressed in rat FRT cells assessed as chloride current by short-circuit current measurements,B,,,BAO_0000190,BAO_0000219,cell-based format,O=C(O)c1cc(/C=C2\SC(=S)N(c3ccccc3C(F)(F)F)C2=O)ccc1O,,,CHEMBL1139397,Bioorg Med Chem,2008,"{'bei': '11.41', 'le': '0.24', 'lle': '0.33', 'sei': '6.24'}",CHEMBL513072,,CHEMBL513072,4.85,0,http://www.openphacts.org/units/Nanomolar,722499,=,1,1,=,,IC50,nM,,14000.0,CHEMBL4051,Homo sapiens,Cystic fibrosis transmembrane conductance regulator,9606,,,IC50,uM,UO_0000065,,14.0
,,2238326,[],CHEMBL976298,Inhibition of human wild type CFTR expressed in rat FRT cells assessed as chloride current by short-circuit current measurements,B,,,BAO_0000190,BAO_0000219,cell-based format,O=C(O)c1ccc(/C=C2\SC(=S)N(c3cc(C(F)(F)F)cc(C(F)(F)F)c3)C2=O)cc1,,,CHEMBL1139397,Bioorg Med Chem,2008,"{'bei': '10.17', 'le': '0.21', 'lle': '-0.98', 'sei': '8.43'}",CHEMBL472354,,CHEMBL472354,4.85,0,http://www.openphacts.org/units/Nanomolar,722500,=,1,1,=,,IC50,nM,,14000.0,CHEMBL4051,Homo sapiens,Cystic fibrosis transmembrane conductance regulator,9606,,,IC50,uM,UO_0000065,,14.0
,,2238327,[],CHEMBL976298,Inhibition of human wild type CFTR expressed in rat FRT cells assessed as chloride current by short-circuit current measurements,B,,,BAO_0000190,BAO_0000219,cell-based format,O=C(O)c1ccc(/C=C2\SC(=S)N(c3ccc(Cl)c(C(F)(F)F)c3)C2=O)cc1,,,CHEMBL1139397,Bioorg Med Chem,2008,"{'bei': '10.87', 'le': '0.24', 'lle': '-0.64', 'sei': '8.37'}",CHEMBL472355,,CHEMBL472355,4.82,0,http://www.openphacts.org/units/Nanomolar,722501,=,1,1,=,,IC50,nM,,15000.0,CHEMBL4051,Homo sapiens,Cystic fibrosis transmembrane conductance regulator,9606,,,IC50,uM,UO_0000065,,15.0
,,2238328,[],CHEMBL976298,Inhibition of human wild type CFTR expressed in rat FRT cells assessed as chloride current by short-circuit current measurements,B,,,BAO_0000190,BAO_0000219,cell-based format,O=C(O)c1ccccc1/C=C1\SC(=S)N(c2cccc(C(F)(F)F)c2)C1=O,,,CHEMBL1139397,Bioorg Med Chem,2008,"{'bei': '11.78', 'le': '0.24', 'lle': '0.01', 'sei': '8.37'}",CHEMBL511818,,CHEMBL511818,4.82,0,http://www.openphacts.org/units/Nanomolar,722503,=,1,1,=,,IC50,nM,,15000.0,CHEMBL4051,Homo sapiens,Cystic fibrosis transmembrane conductance regulator,9606,,,IC50,uM,UO_0000065,,15.0
,,2238329,[],CHEMBL976298,Inhibition of human wild type CFTR expressed in rat FRT cells assessed as chloride current by short-circuit current measurements,B,,,BAO_0000190,BAO_0000219,cell-based format,O=C(O)c1ccc(/C=C2\SC(=S)N(c3ccc(C(F)(F)F)cc3)C2=O)cc1,,,CHEMBL1139397,Bioorg Med Chem,2008,"{'bei': '11.78', 'le': '0.24', 'lle': '0.01', 'sei': '8.37'}",CHEMBL512017,,CHEMBL512017,4.82,0,http://www.openphacts.org/units/Nanomolar,722502,=,1,1,=,,IC50,nM,,15000.0,CHEMBL4051,Homo sapiens,Cystic fibrosis transmembrane conductance regulator,9606,,,IC50,uM,UO_0000065,,15.0
,,2238330,[],CHEMBL976298,Inhibition of human wild type CFTR expressed in rat FRT cells assessed as chloride current by short-circuit current measurements,B,,,BAO_0000190,BAO_0000219,cell-based format,O=C(O)c1ccccc1/C=C1\SC(=S)N(c2ccccc2C(F)(F)F)C1=O,,,CHEMBL1139397,Bioorg Med Chem,2008,"{'bei': '11.59', 'le': '0.24', 'lle': '-0.07', 'sei': '8.24'}",CHEMBL512539,,CHEMBL512539,4.75,0,http://www.openphacts.org/units/Nanomolar,722580,=,1,1,=,,IC50,nM,,18000.0,CHEMBL4051,Homo sapiens,Cystic fibrosis transmembrane conductance regulator,9606,,,IC50,uM,UO_0000065,,18.0
,,2238331,[],CHEMBL976298,Inhibition of human wild type CFTR expressed in rat FRT cells assessed as chloride current by short-circuit current measurements,B,,,BAO_0000190,BAO_0000219,cell-based format,O=C(O)c1cccc(/C=C2\SC(=S)N(c3ccccc3C(F)(F)F)C2=O)c1,,,CHEMBL1139397,Bioorg Med Chem,2008,"{'bei': '11.53', 'le': '0.24', 'lle': '-0.09', 'sei': '8.20'}",CHEMBL472528,,CHEMBL472528,4.72,0,http://www.openphacts.org/units/Nanomolar,722581,=,1,1,=,,IC50,nM,,19000.0,CHEMBL4051,Homo sapiens,Cystic fibrosis transmembrane conductance regulator,9606,,,IC50,uM,UO_0000065,,19.0
,,2238332,[],CHEMBL976298,Inhibition of human wild type CFTR expressed in rat FRT cells assessed as chloride current by short-circuit current measurements,B,,,BAO_0000190,BAO_0000219,cell-based format,O=C(O)c1ccccc1/C=C1\SC(=S)N(c2ccc(C(F)(F)F)cc2)C1=O,,,CHEMBL1139397,Bioorg Med Chem,2008,"{'bei': '11.48', 'le': '0.24', 'lle': '-0.11', 'sei': '8.16'}",CHEMBL470100,,CHEMBL470100,4.70,0,http://www.openphacts.org/units/Nanomolar,722582,=,1,1,=,,IC50,nM,,20000.0,CHEMBL4051,Homo sapiens,Cystic fibrosis transmembrane conductance regulator,9606,,,IC50,uM,UO_0000065,,20.0
,,2238333,[],CHEMBL976298,Inhibition of human wild type CFTR expressed in rat FRT cells assessed as chloride current by short-circuit current measurements,B,,,BAO_0000190,BAO_0000219,cell-based format,O=C(O)c1ccc(/C=C2\SC(=S)N(c3cc(C(F)(F)F)ccc3Cl)C2=O)cc1,,,CHEMBL1139397,Bioorg Med Chem,2008,"{'bei': '10.59', 'le': '0.23', 'lle': '-0.76', 'sei': '8.16'}",CHEMBL470101,,CHEMBL470101,4.70,0,http://www.openphacts.org/units/Nanomolar,722583,=,1,1,=,,IC50,nM,,20000.0,CHEMBL4051,Homo sapiens,Cystic fibrosis transmembrane conductance regulator,9606,,,IC50,uM,UO_0000065,,20.0
,,2238334,[],CHEMBL976298,Inhibition of human wild type CFTR expressed in rat FRT cells assessed as chloride current by short-circuit current measurements,B,,,BAO_0000190,BAO_0000219,cell-based format,O=C1/C(=C/c2ccc(O)cc2)SC(=S)N1c1cccc(C(F)(F)F)c1,,,CHEMBL1139397,Bioorg Med Chem,2008,"{'bei': '12.11', 'le': '0.25', 'lle': '-0.20', 'sei': '11.40'}",CHEMBL513552,,CHEMBL513552,4.62,0,http://www.openphacts.org/units/Nanomolar,722584,=,1,1,=,,IC50,nM,,24000.0,CHEMBL4051,Homo sapiens,Cystic fibrosis transmembrane conductance regulator,9606,,,IC50,uM,UO_0000065,,24.0
,,2238335,[],CHEMBL976298,Inhibition of human wild type CFTR expressed in rat FRT cells assessed as chloride current by short-circuit current measurements,B,,,BAO_0000190,BAO_0000219,cell-based format,O=C(O)c1cc(/C=C2\SC(=S)N(c3ccc(C(F)(F)F)cc3)C2=O)ccc1O,,,CHEMBL1139397,Bioorg Med Chem,2008,"{'bei': '10.82', 'le': '0.22', 'lle': '0.08', 'sei': '5.91'}",CHEMBL488016,,CHEMBL488016,4.60,0,http://www.openphacts.org/units/Nanomolar,722657,=,1,1,=,,IC50,nM,,25000.0,CHEMBL4051,Homo sapiens,Cystic fibrosis transmembrane conductance regulator,9606,,,IC50,uM,UO_0000065,,25.0
,,2238336,[],CHEMBL976298,Inhibition of human wild type CFTR expressed in rat FRT cells assessed as chloride current by short-circuit current measurements,B,,,BAO_0000190,BAO_0000219,cell-based format,O=C1/C(=C/c2ccncc2)SC(=S)N1c1cccc(C(F)(F)F)c1,,,CHEMBL1139397,Bioorg Med Chem,2008,"{'bei': '12.43', 'le': '0.26', 'lle': '0.04', 'sei': '13.71'}",CHEMBL520739,,CHEMBL520739,4.55,0,http://www.openphacts.org/units/Nanomolar,722658,=,1,1,=,,IC50,nM,,28000.0,CHEMBL4051,Homo sapiens,Cystic fibrosis transmembrane conductance regulator,9606,,,IC50,uM,UO_0000065,,28.0
,,2238337,[],CHEMBL976298,Inhibition of human wild type CFTR expressed in rat FRT cells assessed as chloride current by short-circuit current measurements,B,,,BAO_0000190,BAO_0000219,cell-based format,O=C1/C(=C/c2ccc(O)c(O)c2O)SC(=S)N1c1cccc(C(F)(F)F)c1,,,CHEMBL1139397,Bioorg Med Chem,2008,"{'bei': '11.01', 'le': '0.23', 'lle': '0.32', 'sei': '5.62'}",CHEMBL486671,,CHEMBL486671,4.55,0,http://www.openphacts.org/units/Nanomolar,722659,=,1,1,=,,IC50,nM,,28000.0,CHEMBL4051,Homo sapiens,Cystic fibrosis transmembrane conductance regulator,9606,,,IC50,uM,UO_0000065,,28.0
,,2238338,[],CHEMBL976298,Inhibition of human wild type CFTR expressed in rat FRT cells assessed as chloride current by short-circuit current measurements,B,,,BAO_0000190,BAO_0000219,cell-based format,O=C1/C(=C/c2ccc(S(=O)(=O)[O-])cc2)SC(=S)N1c1cccc(C(F)(F)F)c1.[Na+],,,CHEMBL1139397,Bioorg Med Chem,2008,"{'bei': '10.19', 'le': '0.22', 'lle': '0.18', 'sei': '6.08'}",CHEMBL486672,,CHEMBL1208042,4.54,0,http://www.openphacts.org/units/Nanomolar,722660,=,1,1,=,,IC50,nM,,29000.0,CHEMBL4051,Homo sapiens,Cystic fibrosis transmembrane conductance regulator,9606,,,IC50,uM,UO_0000065,,29.0
,,2238339,[],CHEMBL976298,Inhibition of human wild type CFTR expressed in rat FRT cells assessed as chloride current by short-circuit current measurements,B,,,BAO_0000190,BAO_0000219,cell-based format,O=C(O)COc1cccc(/C=C2\SC(=S)N(c3cccc(C(F)(F)F)c3)C2=O)c1,,,CHEMBL1139397,Bioorg Med Chem,2008,"{'bei': '10.29', 'le': '0.21', 'lle': '-0.05', 'sei': '6.77'}",CHEMBL521207,,CHEMBL521207,4.52,0,http://www.openphacts.org/units/Nanomolar,722661,=,1,1,=,,IC50,nM,,30000.0,CHEMBL4051,Homo sapiens,Cystic fibrosis transmembrane conductance regulator,9606,,,IC50,uM,UO_0000065,,30.0
,,2238340,[],CHEMBL976298,Inhibition of human wild type CFTR expressed in rat FRT cells assessed as chloride current by short-circuit current measurements,B,,,BAO_0000190,BAO_0000219,cell-based format,O=C1/C(=C/c2ccc(S(=O)(=O)[O-])cc2S(=O)(=O)[O-])SC(=S)N1c1cccc(C(F)(F)F)c1.[Na+].[Na+],,,CHEMBL1139397,Bioorg Med Chem,2008,"{'bei': '8.18', 'le': '0.18', 'lle': '0.70', 'sei': '3.33'}",CHEMBL487833,,CHEMBL1208049,4.30,0,http://www.openphacts.org/units/Nanomolar,722730,=,1,1,=,,IC50,nM,,50000.0,CHEMBL4051,Homo sapiens,Cystic fibrosis transmembrane conductance regulator,9606,,,IC50,uM,UO_0000065,,50.0
,,2238341,[],CHEMBL976298,Inhibition of human wild type CFTR expressed in rat FRT cells assessed as chloride current by short-circuit current measurements,B,,,BAO_0000190,BAO_0000219,cell-based format,O=C(O)c1ccc(/C=C2\SC(=S)N(c3cccc(C(F)(F)F)c3)C2=O)cc1,,,CHEMBL1139397,Bioorg Med Chem,2008,"{'bei': '15.68', 'le': '0.32', 'lle': '1.61', 'sei': '11.14'}",CHEMBL461939,,CHEMBL461939,6.42,0,http://www.openphacts.org/units/Nanomolar,722247,=,1,1,=,,IC50,nM,,380.0,CHEMBL4051,Homo sapiens,Cystic fibrosis transmembrane conductance regulator,9606,,,IC50,uM,UO_0000065,,0.38
,,2238342,[],CHEMBL976298,Inhibition of human wild type CFTR expressed in rat FRT cells assessed as chloride current by short-circuit current measurements,B,,,BAO_0000190,BAO_0000219,cell-based format,O=C(O)c1cccc(/C=C2\SC(=S)N(c3ccc(C(F)(F)F)cc3)C2=O)c1,,,CHEMBL1139397,Bioorg Med Chem,2008,"{'bei': '11.93', 'le': '0.25', 'lle': '0.08', 'sei': '8.48'}",CHEMBL472192,,CHEMBL472192,4.89,0,http://www.openphacts.org/units/Nanomolar,722423,=,1,1,=,,IC50,nM,,13000.0,CHEMBL4051,Homo sapiens,Cystic fibrosis transmembrane conductance regulator,9606,,,IC50,uM,UO_0000065,,13.0
,,2238343,[],CHEMBL976298,Inhibition of human wild type CFTR expressed in rat FRT cells assessed as chloride current by short-circuit current measurements,B,,,BAO_0000190,BAO_0000219,cell-based format,O=C(O)c1ccc(/C=C2\SC(=S)N(c3ccccc3C(F)(F)F)C2=O)cc1,,,CHEMBL1139397,Bioorg Med Chem,2008,"{'bei': '12.02', 'le': '0.25', 'lle': '0.11', 'sei': '8.54'}",CHEMBL513075,,CHEMBL513075,4.92,0,http://www.openphacts.org/units/Nanomolar,722422,=,1,1,=,,IC50,nM,,12000.0,CHEMBL4051,Homo sapiens,Cystic fibrosis transmembrane conductance regulator,9606,,,IC50,uM,UO_0000065,,12.0
,,2238344,[],CHEMBL976298,Inhibition of human wild type CFTR expressed in rat FRT cells assessed as chloride current by short-circuit current measurements,B,,,BAO_0000190,BAO_0000219,cell-based format,O=C1/C(=C/c2cc(O)c(O)c(O)c2)SC(=S)N1c1cccc(C(F)(F)F)c1,,,CHEMBL1139397,Bioorg Med Chem,2008,"{'bei': '11.99', 'le': '0.25', 'lle': '0.73', 'sei': '6.12'}",CHEMBL472191,,CHEMBL472191,4.96,0,http://www.openphacts.org/units/Nanomolar,722421,=,1,1,=,,IC50,nM,,11000.0,CHEMBL4051,Homo sapiens,Cystic fibrosis transmembrane conductance regulator,9606,,,IC50,uM,UO_0000065,,11.0
,,2238345,[],CHEMBL976298,Inhibition of human wild type CFTR expressed in rat FRT cells assessed as chloride current by short-circuit current measurements,B,,,BAO_0000190,BAO_0000219,cell-based format,Cc1c(N2C(=O)/C(=C/c3ccc(C(=O)O)cc3)SC2=S)cccc1C(F)(F)F,,,CHEMBL1139397,Bioorg Med Chem,2008,"{'bei': '12.01', 'le': '0.25', 'lle': '-0.03', 'sei': '8.83'}",CHEMBL472190,,CHEMBL472190,5.09,0,http://www.openphacts.org/units/Nanomolar,722420,=,1,1,=,,IC50,nM,,8200.0,CHEMBL4051,Homo sapiens,Cystic fibrosis transmembrane conductance regulator,9606,,,IC50,uM,UO_0000065,,8.2
,,2238346,[],CHEMBL976298,Inhibition of human wild type CFTR expressed in rat FRT cells assessed as chloride current by short-circuit current measurements,B,,,BAO_0000190,BAO_0000219,cell-based format,O=C1/C(=C/c2cc[n+]([O-])cc2)SC(=S)N1c1cccc(C(F)(F)F)c1,,,CHEMBL1139397,Bioorg Med Chem,2008,"{'bei': '13.23', 'le': '0.28', 'lle': '1.32', 'sei': '10.71'}",CHEMBL513068,,CHEMBL513068,5.06,0,http://www.openphacts.org/units/Nanomolar,722419,=,1,1,=,,IC50,nM,,8700.0,CHEMBL4051,Homo sapiens,Cystic fibrosis transmembrane conductance regulator,9606,,,IC50,uM,UO_0000065,,8.7
,,2238347,[],CHEMBL976298,Inhibition of human wild type CFTR expressed in rat FRT cells assessed as chloride current by short-circuit current measurements,B,,,BAO_0000190,BAO_0000219,cell-based format,O=C1/C(=C/c2cc(Br)c(O)c(Br)c2O)SC(=S)N1c1cccc(C(F)(F)F)c1,,,CHEMBL1139397,Bioorg Med Chem,2008,"{'bei': '9.18', 'le': '0.25', 'lle': '-0.95', 'sei': '8.39'}",CHEMBL461576,,CHEMBL461576,5.10,0,http://www.openphacts.org/units/Nanomolar,722335,=,1,1,=,,IC50,nM,,8000.0,CHEMBL4051,Homo sapiens,Cystic fibrosis transmembrane conductance regulator,9606,,,IC50,uM,UO_0000065,,8.0
,,2238348,[],CHEMBL976298,Inhibition of human wild type CFTR expressed in rat FRT cells assessed as chloride current by short-circuit current measurements,B,,,BAO_0000190,BAO_0000219,cell-based format,O=C1/C(=C/c2cc(Br)c(O)c(Br)c2)SC(=S)N1c1cccc(C(F)(F)F)c1,,,CHEMBL1139397,Bioorg Med Chem,2008,"{'bei': '9.56', 'le': '0.26', 'lle': '-1.19', 'sei': '12.72'}",CHEMBL518808,,CHEMBL518808,5.16,0,http://www.openphacts.org/units/Nanomolar,722334,=,1,1,=,,IC50,nM,,7000.0,CHEMBL4051,Homo sapiens,Cystic fibrosis transmembrane conductance regulator,9606,,,IC50,uM,UO_0000065,,7.0
,,2238349,[],CHEMBL976298,Inhibition of human wild type CFTR expressed in rat FRT cells assessed as chloride current by short-circuit current measurements,B,,,BAO_0000190,BAO_0000219,cell-based format,Cc1cccc(N2C(=O)/C(=C/c3ccc(C(=O)O)cc3)SC2=S)c1C,,,CHEMBL1139397,Bioorg Med Chem,2008,"{'bei': '13.95', 'le': '0.28', 'lle': '0.74', 'sei': '8.95'}",CHEMBL461575,,CHEMBL461575,5.16,0,http://www.openphacts.org/units/Nanomolar,722333,=,1,1,=,,IC50,nM,,7000.0,CHEMBL4051,Homo sapiens,Cystic fibrosis transmembrane conductance regulator,9606,,,IC50,uM,UO_0000065,,7.0
,,2238350,[],CHEMBL976298,Inhibition of human wild type CFTR expressed in rat FRT cells assessed as chloride current by short-circuit current measurements,B,,,BAO_0000190,BAO_0000219,cell-based format,Cc1cccc(N2C(=O)/C(=C/c3ccc(C(=O)O)cc3)SC2=S)c1,,,CHEMBL1139397,Bioorg Med Chem,2008,"{'bei': '14.91', 'le': '0.30', 'lle': '1.20', 'sei': '9.20'}",CHEMBL450222,,CHEMBL450222,5.30,0,http://www.openphacts.org/units/Nanomolar,722332,=,1,1,=,,IC50,nM,,5000.0,CHEMBL4051,Homo sapiens,Cystic fibrosis transmembrane conductance regulator,9606,,,IC50,uM,UO_0000065,,5.0
,,2238351,[],CHEMBL976298,Inhibition of human wild type CFTR expressed in rat FRT cells assessed as chloride current by short-circuit current measurements,B,,,BAO_0000190,BAO_0000219,cell-based format,O=C(O)c1cccc(/C=C2\SC(=S)N(c3ccc(F)c(C(F)(F)F)c3)C2=O)c1,,,CHEMBL1139397,Bioorg Med Chem,2008,"{'bei': '12.40', 'le': '0.26', 'lle': '0.35', 'sei': '9.20'}",CHEMBL461381,,CHEMBL461381,5.30,0,http://www.openphacts.org/units/Nanomolar,722331,=,1,1,=,,IC50,nM,,5000.0,CHEMBL4051,Homo sapiens,Cystic fibrosis transmembrane conductance regulator,9606,,,IC50,uM,UO_0000065,,5.0
,,2238352,[],CHEMBL976298,Inhibition of human wild type CFTR expressed in rat FRT cells assessed as chloride current by short-circuit current measurements,B,,,BAO_0000190,BAO_0000219,cell-based format,O=C(O)COc1ccc(/C=C2\SC(=S)N(c3cccc(C(F)(F)F)c3)C2=O)cc1,,,CHEMBL1139397,Bioorg Med Chem,2008,"{'bei': '12.71', 'le': '0.26', 'lle': '1.02', 'sei': '8.36'}",CHEMBL461941,,CHEMBL461941,5.58,0,http://www.openphacts.org/units/Nanomolar,722251,=,1,1,=,,IC50,nM,,2600.0,CHEMBL4051,Homo sapiens,Cystic fibrosis transmembrane conductance regulator,9606,,,IC50,uM,UO_0000065,,2.6
,,2238353,[],CHEMBL976298,Inhibition of human wild type CFTR expressed in rat FRT cells assessed as chloride current by short-circuit current measurements,B,,,BAO_0000190,BAO_0000219,cell-based format,O=C(O)c1cccc(/C=C2\SC(=S)N(c3cccc(C(F)(F)F)c3)C2=O)c1,,,CHEMBL1139397,Bioorg Med Chem,2008,"{'bei': '14.23', 'le': '0.29', 'lle': '1.01', 'sei': '10.11'}",CHEMBL461759,,CHEMBL461759,5.82,0,http://www.openphacts.org/units/Nanomolar,722250,=,1,1,=,,IC50,nM,,1500.0,CHEMBL4051,Homo sapiens,Cystic fibrosis transmembrane conductance regulator,9606,,,IC50,uM,UO_0000065,,1.5
,,2238354,[],CHEMBL976298,Inhibition of human wild type CFTR expressed in rat FRT cells assessed as chloride current by short-circuit current measurements,B,,,BAO_0000190,BAO_0000219,cell-based format,O=C(O)c1ccc(/C=C2\SC(=S)N(c3ccc(F)c(C(F)(F)F)c3)C2=O)cc1,,,CHEMBL1139397,Bioorg Med Chem,2008,"{'bei': '13.63', 'le': '0.28', 'lle': '0.87', 'sei': '10.11'}",CHEMBL460075,,CHEMBL460075,5.82,0,http://www.openphacts.org/units/Nanomolar,722173,=,1,1,=,,IC50,nM,,1500.0,CHEMBL4051,Homo sapiens,Cystic fibrosis transmembrane conductance regulator,9606,,,IC50,uM,UO_0000065,,1.5
,,2238355,[],CHEMBL976298,Inhibition of human wild type CFTR expressed in rat FRT cells assessed as chloride current by short-circuit current measurements,B,,,BAO_0000190,BAO_0000219,cell-based format,O=C(O)c1cc(/C=C2\SC(=S)N(c3cccc(C(F)(F)F)c3)C2=O)ccc1O,,,CHEMBL1139397,Bioorg Med Chem,2008,"{'bei': '13.76', 'le': '0.29', 'lle': '1.33', 'sei': '7.52'}",CHEMBL461375,,CHEMBL461375,5.85,0,http://www.openphacts.org/units/Nanomolar,722249,=,1,1,=,,IC50,nM,,1400.0,CHEMBL4051,Homo sapiens,Cystic fibrosis transmembrane conductance regulator,9606,,,IC50,uM,UO_0000065,,1.4
,,2238356,[],CHEMBL976298,Inhibition of human wild type CFTR expressed in rat FRT cells assessed as chloride current by short-circuit current measurements,B,,,BAO_0000190,BAO_0000219,cell-based format,O=C1/C(=C/c2ccc(-c3nn[nH]n3)cc2)SC(=S)N1c1cccc(C(F)(F)F)c1,,,CHEMBL1139397,Bioorg Med Chem,2008,"{'bei': '14.12', 'le': '0.29', 'lle': '1.83', 'sei': '8.18'}",CHEMBL461940,,CHEMBL461940,6.12,0,http://www.openphacts.org/units/Nanomolar,722248,=,1,1,=,,IC50,nM,,760.0,CHEMBL4051,Homo sapiens,Cystic fibrosis transmembrane conductance regulator,9606,,,IC50,uM,UO_0000065,,0.76
,,2238357,[],CHEMBL976298,Inhibition of human wild type CFTR expressed in rat FRT cells assessed as chloride current by short-circuit current measurements,B,,,BAO_0000190,BAO_0000219,cell-based format,O=C(O)c1cc(Nc2nc(-c3cccc(C(F)(F)F)c3)cs2)ccc1O,,,CHEMBL1139397,Bioorg Med Chem,2008,"{'bei': '11.82', 'le': '0.24', 'lle': '-0.49', 'sei': '5.45'}",CHEMBL452052,,CHEMBL452052,4.50,0,http://www.openphacts.org/units/Nanomolar,721940,=,1,1,=,,IC50,nM,,32000.0,CHEMBL4051,Homo sapiens,Cystic fibrosis transmembrane conductance regulator,9606,,,IC50,uM,UO_0000065,,32.0
,,2238358,[],CHEMBL976298,Inhibition of human wild type CFTR expressed in rat FRT cells assessed as chloride current by short-circuit current measurements,B,,,BAO_0000190,BAO_0000219,cell-based format,O=C(O)c1ccc(Nc2nc(-c3cccc(C(F)(F)F)c3)cs2)cc1,,,CHEMBL1139397,Bioorg Med Chem,2008,"{'bei': '12.50', 'le': '0.25', 'lle': '-0.72', 'sei': '7.32'}",CHEMBL451791,,CHEMBL451791,4.55,0,http://www.openphacts.org/units/Nanomolar,721939,=,1,1,=,,IC50,nM,,28000.0,CHEMBL4051,Homo sapiens,Cystic fibrosis transmembrane conductance regulator,9606,,,IC50,uM,UO_0000065,,28.0
,,2238359,[],CHEMBL976298,Inhibition of human wild type CFTR expressed in rat FRT cells assessed as chloride current by short-circuit current measurements,B,,,BAO_0000190,BAO_0000219,cell-based format,O=C(O)c1ccc(CC2SC(=S)N(c3cccc(C(F)(F)F)c3)C2=O)cc1,,,CHEMBL1139397,Bioorg Med Chem,2008,"{'bei': '11.10', 'le': '0.23', 'lle': '0.19', 'sei': '7.93'}",CHEMBL452565,,CHEMBL452565,4.57,0,http://www.openphacts.org/units/Nanomolar,721859,=,1,1,=,,IC50,nM,,27000.0,CHEMBL4051,Homo sapiens,Cystic fibrosis transmembrane conductance regulator,9606,,,IC50,uM,UO_0000065,,27.0
,,2238360,[],CHEMBL976298,Inhibition of human wild type CFTR expressed in rat FRT cells assessed as chloride current by short-circuit current measurements,B,,,BAO_0000190,BAO_0000219,cell-based format,O=C1C(C(=S)Nc2ccc(S(=O)(=O)[O-])o2)SC(=S)N1c1cccc(C(F)(F)F)c1.[Na+],,,CHEMBL1139397,Bioorg Med Chem,2008,"{'bei': '9.47', 'le': '0.22', 'lle': '0.85', 'sei': '4.58'}",CHEMBL452564,,CHEMBL1207903,4.57,0,http://www.openphacts.org/units/Nanomolar,721858,=,1,1,=,,IC50,nM,,27000.0,CHEMBL4051,Homo sapiens,Cystic fibrosis transmembrane conductance regulator,9606,,,IC50,uM,UO_0000065,,27.0
,,2238361,[],CHEMBL976298,Inhibition of human wild type CFTR expressed in rat FRT cells assessed as chloride current by short-circuit current measurements,B,,,BAO_0000190,BAO_0000219,cell-based format,O=C(O)c1ccc(NC(=S)C2SC(=S)N(c3cccc(C(F)(F)F)c3)C2=O)cc1O,,,CHEMBL1139397,Bioorg Med Chem,2008,"{'bei': '9.74', 'le': '0.21', 'lle': '0.32', 'sei': '5.12'}",CHEMBL451805,,CHEMBL451805,4.60,0,http://www.openphacts.org/units/Nanomolar,721857,=,1,1,=,,IC50,nM,,25000.0,CHEMBL4051,Homo sapiens,Cystic fibrosis transmembrane conductance regulator,9606,,,IC50,uM,UO_0000065,,25.0
,,2238362,[],CHEMBL976298,Inhibition of human wild type CFTR expressed in rat FRT cells assessed as chloride current by short-circuit current measurements,B,,,BAO_0000190,BAO_0000219,cell-based format,O=C1C(C(=S)Nc2ccc(S(=O)(=O)[O-])cc2)SC(=S)N1c1cccc(C(F)(F)F)c1.[Na+],,,CHEMBL1139397,Bioorg Med Chem,2008,"{'bei': '10.07', 'le': '0.23', 'lle': '0.84', 'sei': '5.72'}",CHEMBL509100,,CHEMBL1208231,4.96,0,http://www.openphacts.org/units/Nanomolar,721856,=,1,1,=,,IC50,nM,,11000.0,CHEMBL4051,Homo sapiens,Cystic fibrosis transmembrane conductance regulator,9606,,,IC50,uM,UO_0000065,,11.0
,,2238363,[],CHEMBL976298,Inhibition of human wild type CFTR expressed in rat FRT cells assessed as chloride current by short-circuit current measurements,B,,,BAO_0000190,BAO_0000219,cell-based format,O=C(O)c1ccc(NC(=S)C2SC(=S)N(c3cccc(C(F)(F)F)c3)C2=O)cc1,,,CHEMBL1139397,Bioorg Med Chem,2008,"{'bei': '11.05', 'le': '0.24', 'lle': '0.47', 'sei': '7.25'}",CHEMBL451804,,CHEMBL451804,5.05,0,http://www.openphacts.org/units/Nanomolar,721855,=,1,1,=,,IC50,nM,,9000.0,CHEMBL4051,Homo sapiens,Cystic fibrosis transmembrane conductance regulator,9606,,,IC50,uM,UO_0000065,,9.0
,,2238364,[],CHEMBL976298,Inhibition of human wild type CFTR expressed in rat FRT cells assessed as chloride current by short-circuit current measurements,B,,,BAO_0000190,BAO_0000219,cell-based format,O=C(O)c1ccc(SC2CC(=O)N(c3cccc(C(F)(F)F)c3)C2=O)cc1,,,CHEMBL1139397,Bioorg Med Chem,2008,"{'bei': '13.04', 'le': '0.26', 'lle': '1.32', 'sei': '6.90'}",CHEMBL487654,,CHEMBL487654,5.16,0,http://www.openphacts.org/units/Nanomolar,721661,=,1,1,=,,IC50,nM,,7000.0,CHEMBL4051,Homo sapiens,Cystic fibrosis transmembrane conductance regulator,9606,,,IC50,uM,UO_0000065,,7.0
,,2238365,[],CHEMBL976298,Inhibition of human wild type CFTR expressed in rat FRT cells assessed as chloride current by short-circuit current measurements,B,,,BAO_0000190,BAO_0000219,cell-based format,O=C(O)c1ccc(NC2=C(Cl)C(=O)N(c3cccc(C(F)(F)F)c3)C2=O)cc1,,,CHEMBL1139397,Bioorg Med Chem,2008,"{'bei': '10.82', 'le': '0.22', 'lle': '0.60', 'sei': '5.12'}",CHEMBL488825,,CHEMBL488825,4.44,0,http://www.openphacts.org/units/Nanomolar,721577,=,1,1,=,,IC50,nM,,36000.0,CHEMBL4051,Homo sapiens,Cystic fibrosis transmembrane conductance regulator,9606,,,IC50,uM,UO_0000065,,36.0
,,2238366,[],CHEMBL976298,Inhibition of human wild type CFTR expressed in rat FRT cells assessed as chloride current by short-circuit current measurements,B,,,BAO_0000190,BAO_0000219,cell-based format,O=C1S/C(=C\c2ccc(-c3nn[nH]n3)cc2)C(=O)N1c1cccc(C(F)(F)F)c1,,,CHEMBL1139397,Bioorg Med Chem,2008,"{'bei': '11.43', 'le': '0.22', 'lle': '0.64', 'sei': '5.19'}",CHEMBL527432,,CHEMBL527432,4.77,0,http://www.openphacts.org/units/Nanomolar,721576,=,1,1,=,,IC50,nM,,17000.0,CHEMBL4051,Homo sapiens,Cystic fibrosis transmembrane conductance regulator,9606,,,IC50,uM,UO_0000065,,17.0
,,2238367,[],CHEMBL976298,Inhibition of human wild type CFTR expressed in rat FRT cells assessed as chloride current by short-circuit current measurements,B,,,BAO_0000190,BAO_0000219,cell-based format,O=C(O)c1ccc(/C=C2\SC(=O)N(c3cccc(C(F)(F)F)c3)C2=O)cc1,,,CHEMBL1139397,Bioorg Med Chem,2008,"{'bei': '14.88', 'le': '0.30', 'lle': '1.21', 'sei': '7.84'}",CHEMBL488824,,CHEMBL488824,5.85,0,http://www.openphacts.org/units/Nanomolar,721575,=,1,1,=,,IC50,nM,,1400.0,CHEMBL4051,Homo sapiens,Cystic fibrosis transmembrane conductance regulator,9606,,,IC50,uM,UO_0000065,,1.4
,,3421791,[],CHEMBL1227949,Inhibition of CFTR,B,,,BAO_0000190,BAO_0000357,single protein format,O=C(O)c1ccc(/C=C2\SC(=S)N(c3cccc(C(F)(F)F)c3)C2=O)cc1,,,CHEMBL1221227,J Med Chem,2009,"{'bei': '15.93', 'le': '0.33', 'lle': '1.71', 'sei': '11.32'}",CHEMBL461939,,CHEMBL461939,6.52,0,http://www.openphacts.org/units/Nanomolar,934730,=,1,1,=,,IC50,nM,,300.0,CHEMBL4051,Homo sapiens,Cystic fibrosis transmembrane conductance regulator,9606,,,IC50,uM,UO_0000065,,0.3
,,3421792,[],CHEMBL1227949,Inhibition of CFTR,B,,,BAO_0000190,BAO_0000357,single protein format,O=C(CNc1ccc2ccccc2c1)N/N=C/c1cc(Br)c(O)c(Br)c1O,,,CHEMBL1221227,J Med Chem,2009,"{'bei': '10.75', 'le': '0.27', 'lle': '0.96', 'sei': '5.64'}",CHEMBL1221576,,CHEMBL1221576,5.30,0,http://www.openphacts.org/units/Nanomolar,934731,=,1,1,=,,IC50,nM,,5000.0,CHEMBL4051,Homo sapiens,Cystic fibrosis transmembrane conductance regulator,9606,,,IC50,uM,UO_0000065,,5.0
,,3421793,[],CHEMBL1227950,Inhibition of human CFTR expressed in rat FRT cells coexpressing halide indicator YFP-H148Q assessed as inhibition of halide influx preincubated for 15 mins by FLIPR assay,B,,,BAO_0000190,BAO_0000219,cell-based format,Cc1cccc(-c2c3c(=O)n(C)c(=O)n(C)c3c3n2-c2ccccc2NC3c2ccc(C)o2)c1,,,CHEMBL1221227,J Med Chem,2009,"{'bei': '13.60', 'le': '0.25', 'lle': '1.73', 'sei': '8.31'}",CHEMBL1222175,,CHEMBL1222175,6.16,0,http://www.openphacts.org/units/Nanomolar,935611,=,1,1,=,,IC50,nM,,700.0,CHEMBL4051,Homo sapiens,Cystic fibrosis transmembrane conductance regulator,9606,,,IC50(app),uM,UO_0000065,,0.7
,,3421796,[],CHEMBL1227950,Inhibition of human CFTR expressed in rat FRT cells coexpressing halide indicator YFP-H148Q assessed as inhibition of halide influx preincubated for 15 mins by FLIPR assay,B,,,BAO_0000190,BAO_0000219,cell-based format,Cc1ccc(C2Nc3ccccc3-n3c(-c4ccccc4)c4c(=O)n(C)c(=O)n(C)c4c32)o1,,,CHEMBL1221227,J Med Chem,2009,"{'bei': '13.90', 'le': '0.25', 'lle': '1.99', 'sei': '8.23'}",CHEMBL1087004,,CHEMBL1087004,6.10,0,http://www.openphacts.org/units/Nanomolar,935612,=,1,1,=,,IC50,nM,,800.0,CHEMBL4051,Homo sapiens,Cystic fibrosis transmembrane conductance regulator,9606,,,IC50(app),uM,UO_0000065,,0.8
,,3421799,[],CHEMBL1227950,Inhibition of human CFTR expressed in rat FRT cells coexpressing halide indicator YFP-H148Q assessed as inhibition of halide influx preincubated for 15 mins by FLIPR assay,B,,,BAO_0000190,BAO_0000219,cell-based format,Cc1ccc(C2Nc3ccccc3-n3c(-c4ccccc4C)c4c(=O)n(C)c(=O)n(C)c4c32)o1,,,CHEMBL1221227,J Med Chem,2009,"{'bei': '13.47', 'le': '0.24', 'lle': '1.68', 'sei': '8.23'}",CHEMBL1222176,,CHEMBL1222176,6.10,0,http://www.openphacts.org/units/Nanomolar,935613,=,1,1,=,,IC50,nM,,800.0,CHEMBL4051,Homo sapiens,Cystic fibrosis transmembrane conductance regulator,9606,,,IC50(app),uM,UO_0000065,,0.8
,,3421802,[],CHEMBL1227950,Inhibition of human CFTR expressed in rat FRT cells coexpressing halide indicator YFP-H148Q assessed as inhibition of halide influx preincubated for 15 mins by FLIPR assay,B,,,BAO_0000190,BAO_0000219,cell-based format,Cc1ccc(C2Nc3cc(C)c(C)cc3-n3c(-c4ccccc4)c4c(=O)n(C)c(=O)n(C)c4c32)o1,,,CHEMBL1221227,J Med Chem,2009,"{'bei': '13.07', 'le': '0.24', 'lle': '1.37', 'sei': '8.23'}",CHEMBL1081471,,CHEMBL1081471,6.10,0,http://www.openphacts.org/units/Nanomolar,935614,=,1,1,=,,IC50,nM,,800.0,CHEMBL4051,Homo sapiens,Cystic fibrosis transmembrane conductance regulator,9606,,,IC50(app),uM,UO_0000065,,0.8
,,3421805,[],CHEMBL1227950,Inhibition of human CFTR expressed in rat FRT cells coexpressing halide indicator YFP-H148Q assessed as inhibition of halide influx preincubated for 15 mins by FLIPR assay,B,,,BAO_0000190,BAO_0000219,cell-based format,Cc1ccc(C2Nc3cc(C)c(C)cc3-n3c(-c4ccccc4F)c4c(=O)n(C)c(=O)n(C)c4c32)o1,,,CHEMBL1221227,J Med Chem,2009,"{'bei': '12.02', 'le': '0.22', 'lle': '0.95', 'sei': '7.86'}",CHEMBL1222276,,CHEMBL1222276,5.82,0,http://www.openphacts.org/units/Nanomolar,935739,=,1,1,=,,IC50,nM,,1500.0,CHEMBL4051,Homo sapiens,Cystic fibrosis transmembrane conductance regulator,9606,,,IC50(app),uM,UO_0000065,,1.5
,,3421808,[],CHEMBL1227950,Inhibition of human CFTR expressed in rat FRT cells coexpressing halide indicator YFP-H148Q assessed as inhibition of halide influx preincubated for 15 mins by FLIPR assay,B,,,BAO_0000190,BAO_0000219,cell-based format,Cn1c(=O)c2c(-c3ccccc3)n3c(c2n(C)c1=O)C(c1cccc(F)c1F)Nc1ccccc1-3,,,CHEMBL1221227,J Med Chem,2009,"{'bei': '12.58', 'le': '0.23', 'lle': '1.43', 'sei': '9.71'}",CHEMBL1222277,,CHEMBL1222277,5.92,0,http://www.openphacts.org/units/Nanomolar,935740,=,1,1,=,,IC50,nM,,1200.0,CHEMBL4051,Homo sapiens,Cystic fibrosis transmembrane conductance regulator,9606,,,IC50(app),uM,UO_0000065,,1.2
,,3421811,[],CHEMBL1227950,Inhibition of human CFTR expressed in rat FRT cells coexpressing halide indicator YFP-H148Q assessed as inhibition of halide influx preincubated for 15 mins by FLIPR assay,B,,,BAO_0000190,BAO_0000219,cell-based format,Cn1c(=O)c2c(-c3ccccc3)n3c(c2n(C)c1=O)C(c1cccc([N+](=O)[O-])c1)Nc1ccccc1-3,,,CHEMBL1221227,J Med Chem,2009,"{'bei': '12.35', 'le': '0.22', 'lle': '1.80', 'sei': '5.69'}",CHEMBL1080548,,CHEMBL1080548,5.92,0,http://www.openphacts.org/units/Nanomolar,935741,=,1,1,=,,IC50,nM,,1200.0,CHEMBL4051,Homo sapiens,Cystic fibrosis transmembrane conductance regulator,9606,,,IC50(app),uM,UO_0000065,,1.2
,,3421814,[],CHEMBL1227950,Inhibition of human CFTR expressed in rat FRT cells coexpressing halide indicator YFP-H148Q assessed as inhibition of halide influx preincubated for 15 mins by FLIPR assay,B,,,BAO_0000190,BAO_0000219,cell-based format,Cc1cc2c(cc1C)-n1c(-c3ccccc3)c3c(=O)n(C)c(=O)n(C)c3c1C(c1ccc(O)cc1)N2,,,CHEMBL1221227,J Med Chem,2009,"{'bei': '12.17', 'le': '0.22', 'lle': '1.29', 'sei': '7.17'}",CHEMBL1222278,,CHEMBL1222278,5.82,0,http://www.openphacts.org/units/Nanomolar,935742,=,1,1,=,,IC50,nM,,1500.0,CHEMBL4051,Homo sapiens,Cystic fibrosis transmembrane conductance regulator,9606,,,IC50(app),uM,UO_0000065,,1.5
,,3421817,[],CHEMBL1227950,Inhibition of human CFTR expressed in rat FRT cells coexpressing halide indicator YFP-H148Q assessed as inhibition of halide influx preincubated for 15 mins by FLIPR assay,B,,,BAO_0000190,BAO_0000219,cell-based format,COc1cccc(C2Nc3ccccc3-n3c(-c4ccccc4)c4c(=O)n(C)c(=O)n(C)c4c32)c1,,,CHEMBL1221227,J Med Chem,2009,"{'bei': '12.42', 'le': '0.23', 'lle': '1.55', 'sei': '8.22'}",CHEMBL1222337,,CHEMBL1222337,5.77,0,http://www.openphacts.org/units/Nanomolar,935827,=,1,1,=,,IC50,nM,,1700.0,CHEMBL4051,Homo sapiens,Cystic fibrosis transmembrane conductance regulator,9606,,,IC50(app),uM,UO_0000065,,1.7
,,3421820,[],CHEMBL1227950,Inhibition of human CFTR expressed in rat FRT cells coexpressing halide indicator YFP-H148Q assessed as inhibition of halide influx preincubated for 15 mins by FLIPR assay,B,,,BAO_0000190,BAO_0000219,cell-based format,Cn1c(=O)c2c(-c3ccccc3)n3c(c2n(C)c1=O)C(c1ccccc1F)Nc1ccccc1-3,,,CHEMBL1221227,J Med Chem,2009,"{'bei': '12.59', 'le': '0.23', 'lle': '1.35', 'sei': '9.35'}",CHEMBL1222338,,CHEMBL1222338,5.70,0,http://www.openphacts.org/units/Nanomolar,935828,=,1,1,=,,IC50,nM,,2000.0,CHEMBL4051,Homo sapiens,Cystic fibrosis transmembrane conductance regulator,9606,,,IC50(app),uM,UO_0000065,,2.0
,,3421823,[],CHEMBL1227950,Inhibition of human CFTR expressed in rat FRT cells coexpressing halide indicator YFP-H148Q assessed as inhibition of halide influx preincubated for 15 mins by FLIPR assay,B,,,BAO_0000190,BAO_0000219,cell-based format,Cn1c(=O)c2c(-c3ccccc3)n3c(c2n(C)c1=O)C(c1ccccc1)Nc1ccccc1-3,,,CHEMBL1221227,J Med Chem,2009,"{'bei': '12.89', 'le': '0.23', 'lle': '1.39', 'sei': '9.19'}",CHEMBL1222339,,CHEMBL1222339,5.60,0,http://www.openphacts.org/units/Nanomolar,935829,=,1,1,=,,IC50,nM,,2500.0,CHEMBL4051,Homo sapiens,Cystic fibrosis transmembrane conductance regulator,9606,,,IC50(app),uM,UO_0000065,,2.5
,,3421826,[],CHEMBL1227950,Inhibition of human CFTR expressed in rat FRT cells coexpressing halide indicator YFP-H148Q assessed as inhibition of halide influx preincubated for 15 mins by FLIPR assay,B,,,BAO_0000190,BAO_0000219,cell-based format,Cn1c(=O)c2c(-c3ccccc3)n3c(c2n(C)c1=O)C(c1ccc(O)cc1)Nc1ccccc1-3,,,CHEMBL1221227,J Med Chem,2009,"{'bei': '11.87', 'le': '0.21', 'lle': '1.43', 'sei': '6.59'}",CHEMBL1222340,,CHEMBL1222340,5.35,0,http://www.openphacts.org/units/Nanomolar,935830,=,1,1,=,,IC50,nM,,4500.0,CHEMBL4051,Homo sapiens,Cystic fibrosis transmembrane conductance regulator,9606,,,IC50(app),uM,UO_0000065,,4.5
,,3421829,[],CHEMBL1227950,Inhibition of human CFTR expressed in rat FRT cells coexpressing halide indicator YFP-H148Q assessed as inhibition of halide influx preincubated for 15 mins by FLIPR assay,B,,,BAO_0000190,BAO_0000219,cell-based format,COc1cc(O)ccc1C1Nc2ccccc2-n2c(-c3ccccc3)c3c(=O)n(C)c(=O)n(C)c3c21,,,CHEMBL1221227,J Med Chem,2009,"{'bei': '8.32', 'le': '0.15', 'lle': '0.08', 'sei': '4.42'}",CHEMBL1222403,,CHEMBL1222403,4.00,0,http://www.openphacts.org/units/Nanomolar,935921,=,1,1,=,,IC50,nM,,100000.0,CHEMBL4051,Homo sapiens,Cystic fibrosis transmembrane conductance regulator,9606,,,IC50(app),uM,UO_0000065,,100.0
,,3421832,[],CHEMBL1227950,Inhibition of human CFTR expressed in rat FRT cells coexpressing halide indicator YFP-H148Q assessed as inhibition of halide influx preincubated for 15 mins by FLIPR assay,B,,,BAO_0000190,BAO_0000219,cell-based format,Cc1cccc(-c2c3c(=O)n(C)c(=O)n(C)c3c3n2-c2ccccc2NC3c2ccc(O)cc2)c1,,,CHEMBL1221227,J Med Chem,2009,"{'bei': '12.42', 'le': '0.23', 'lle': '1.55', 'sei': '7.11'}",CHEMBL1222404,,CHEMBL1222404,5.77,0,http://www.openphacts.org/units/Nanomolar,935922,=,1,1,=,,IC50,nM,,1700.0,CHEMBL4051,Homo sapiens,Cystic fibrosis transmembrane conductance regulator,9606,,,IC50(app),uM,UO_0000065,,1.7
,,3421835,[],CHEMBL1227950,Inhibition of human CFTR expressed in rat FRT cells coexpressing halide indicator YFP-H148Q assessed as inhibition of halide influx preincubated for 15 mins by FLIPR assay,B,,,BAO_0000190,BAO_0000219,cell-based format,COc1cccc(C2Nc3ccccc3-n3c(-c4cccc(C)c4)c4c(=O)n(C)c(=O)n(C)c4c32)c1,,,CHEMBL1221227,J Med Chem,2009,"{'bei': '12.06', 'le': '0.22', 'lle': '1.24', 'sei': '8.22'}",CHEMBL1222405,,CHEMBL1222405,5.77,0,http://www.openphacts.org/units/Nanomolar,935923,=,1,1,=,,IC50,nM,,1700.0,CHEMBL4051,Homo sapiens,Cystic fibrosis transmembrane conductance regulator,9606,,,IC50(app),uM,UO_0000065,,1.7
,,3421838,[],CHEMBL1227950,Inhibition of human CFTR expressed in rat FRT cells coexpressing halide indicator YFP-H148Q assessed as inhibition of halide influx preincubated for 15 mins by FLIPR assay,B,,,BAO_0000190,BAO_0000219,cell-based format,COc1cccc(C2Nc3ccccc3-n3c(-c4ccccc4F)c4c(=O)n(C)c(=O)n(C)c4c32)c1,,,CHEMBL1221227,J Med Chem,2009,"{'bei': '11.81', 'le': '0.22', 'lle': '1.34', 'sei': '8.12'}",CHEMBL1222406,,CHEMBL1222406,5.70,0,http://www.openphacts.org/units/Nanomolar,935924,=,1,1,=,,IC50,nM,,2000.0,CHEMBL4051,Homo sapiens,Cystic fibrosis transmembrane conductance regulator,9606,,,IC50(app),uM,UO_0000065,,2.0
,,3421841,[],CHEMBL1227950,Inhibition of human CFTR expressed in rat FRT cells coexpressing halide indicator YFP-H148Q assessed as inhibition of halide influx preincubated for 15 mins by FLIPR assay,B,,,BAO_0000190,BAO_0000219,cell-based format,Cc1cccc(-c2c3c(=O)n(C)c(=O)n(C)c3c3n2-c2ccccc2NC3c2cccc([N+](=O)[O-])c2F)c1,,,CHEMBL1221227,J Med Chem,2009,"{'bei': '11.14', 'le': '0.20', 'lle': '1.13', 'sei': '5.47'}",CHEMBL1221481,,CHEMBL1221481,5.70,0,http://www.openphacts.org/units/Nanomolar,934582,=,1,1,=,,IC50,nM,,2000.0,CHEMBL4051,Homo sapiens,Cystic fibrosis transmembrane conductance regulator,9606,,,IC50(app),uM,UO_0000065,,2.0
,,3421844,[],CHEMBL1227950,Inhibition of human CFTR expressed in rat FRT cells coexpressing halide indicator YFP-H148Q assessed as inhibition of halide influx preincubated for 15 mins by FLIPR assay,B,,,BAO_0000190,BAO_0000219,cell-based format,Cc1ccccc1-c1c2c(=O)n(C)c(=O)n(C)c2c2n1-c1ccccc1NC2c1cccc([N+](=O)[O-])c1,,,CHEMBL1221227,J Med Chem,2009,"{'bei': '11.55', 'le': '0.21', 'lle': '1.27', 'sei': '5.47'}",CHEMBL1221482,,CHEMBL1221482,5.70,0,http://www.openphacts.org/units/Nanomolar,934583,=,1,1,=,,IC50,nM,,2000.0,CHEMBL4051,Homo sapiens,Cystic fibrosis transmembrane conductance regulator,9606,,,IC50(app),uM,UO_0000065,,2.0
,,3421847,[],CHEMBL1227950,Inhibition of human CFTR expressed in rat FRT cells coexpressing halide indicator YFP-H148Q assessed as inhibition of halide influx preincubated for 15 mins by FLIPR assay,B,,,BAO_0000190,BAO_0000219,cell-based format,Cn1c(=O)c2c(-c3ccccc3F)n3c(c2n(C)c1=O)C(c1cccc(Cl)c1)Nc1ccccc1-3,,,CHEMBL1221227,J Med Chem,2009,"{'bei': '11.50', 'le': '0.22', 'lle': '0.60', 'sei': '9.19'}",CHEMBL1221483,,CHEMBL1221483,5.60,0,http://www.openphacts.org/units/Nanomolar,934584,=,1,1,=,,IC50,nM,,2500.0,CHEMBL4051,Homo sapiens,Cystic fibrosis transmembrane conductance regulator,9606,,,IC50(app),uM,UO_0000065,,2.5
,,3421850,[],CHEMBL1227950,Inhibition of human CFTR expressed in rat FRT cells coexpressing halide indicator YFP-H148Q assessed as inhibition of halide influx preincubated for 15 mins by FLIPR assay,B,,,BAO_0000190,BAO_0000219,cell-based format,Cc1cccc(-c2c3c(=O)n(C)c(=O)n(C)c3c3n2-c2ccccc2NC3c2ccccc2F)c1,,,CHEMBL1221227,J Med Chem,2009,"{'bei': '12.01', 'le': '0.22', 'lle': '0.94', 'sei': '9.19'}",CHEMBL1221484,,CHEMBL1221484,5.60,0,http://www.openphacts.org/units/Nanomolar,934585,=,1,1,=,,IC50,nM,,2500.0,CHEMBL4051,Homo sapiens,Cystic fibrosis transmembrane conductance regulator,9606,,,IC50(app),uM,UO_0000065,,2.5
,,3421853,[],CHEMBL1227950,Inhibition of human CFTR expressed in rat FRT cells coexpressing halide indicator YFP-H148Q assessed as inhibition of halide influx preincubated for 15 mins by FLIPR assay,B,,,BAO_0000190,BAO_0000219,cell-based format,COc1cccc(C2Nc3ccccc3-n3c(-c4ccccc4C)c4c(=O)n(C)c(=O)n(C)c4c32)c1,,,CHEMBL1221227,J Med Chem,2009,"{'bei': '11.54', 'le': '0.21', 'lle': '0.99', 'sei': '7.87'}",CHEMBL1221530,,CHEMBL1221530,5.52,0,http://www.openphacts.org/units/Nanomolar,934653,=,1,1,=,,IC50,nM,,3000.0,CHEMBL4051,Homo sapiens,Cystic fibrosis transmembrane conductance regulator,9606,,,IC50(app),uM,UO_0000065,,3.0
,,3421856,[],CHEMBL1227950,Inhibition of human CFTR expressed in rat FRT cells coexpressing halide indicator YFP-H148Q assessed as inhibition of halide influx preincubated for 15 mins by FLIPR assay,B,,,BAO_0000190,BAO_0000219,cell-based format,Cc1cccc(C2Nc3ccccc3-n3c(-c4ccccc4C)c4c(=O)n(C)c(=O)n(C)c4c32)c1,,,CHEMBL1221227,J Med Chem,2009,"{'bei': '11.94', 'le': '0.22', 'lle': '0.69', 'sei': '9.06'}",CHEMBL1221531,,CHEMBL1221531,5.52,0,http://www.openphacts.org/units/Nanomolar,934654,=,1,1,=,,IC50,nM,,3000.0,CHEMBL4051,Homo sapiens,Cystic fibrosis transmembrane conductance regulator,9606,,,IC50(app),uM,UO_0000065,,3.0
,,3421859,[],CHEMBL1227950,Inhibition of human CFTR expressed in rat FRT cells coexpressing halide indicator YFP-H148Q assessed as inhibition of halide influx preincubated for 15 mins by FLIPR assay,B,,,BAO_0000190,BAO_0000219,cell-based format,Cc1ccccc1-c1c2c(=O)n(C)c(=O)n(C)c2c2n1-c1ccccc1NC2c1ccccc1,,,CHEMBL1221227,J Med Chem,2009,"{'bei': '11.82', 'le': '0.21', 'lle': '0.78', 'sei': '8.70'}",CHEMBL1221532,,CHEMBL1221532,5.30,0,http://www.openphacts.org/units/Nanomolar,934655,=,1,1,=,,IC50,nM,,5000.0,CHEMBL4051,Homo sapiens,Cystic fibrosis transmembrane conductance regulator,9606,,,IC50(app),uM,UO_0000065,,5.0
,,3421862,[],CHEMBL1227950,Inhibition of human CFTR expressed in rat FRT cells coexpressing halide indicator YFP-H148Q assessed as inhibition of halide influx preincubated for 15 mins by FLIPR assay,B,,,BAO_0000190,BAO_0000219,cell-based format,Cc1cccc(-c2c3c(=O)n(C)c(=O)n(C)c3c3n2-c2ccccc2NC3c2cccc(F)c2)c1,,,CHEMBL1221227,J Med Chem,2009,"{'bei': '10.93', 'le': '0.20', 'lle': '0.44', 'sei': '8.36'}",CHEMBL1221533,,CHEMBL1221533,5.10,0,http://www.openphacts.org/units/Nanomolar,934656,=,1,1,=,,IC50,nM,,8000.0,CHEMBL4051,Homo sapiens,Cystic fibrosis transmembrane conductance regulator,9606,,,IC50(app),uM,UO_0000065,,8.0
,,3421865,[],CHEMBL1227953,Inhibition of human CFTR expressed in rat FRT cells assessed as inhibition of CPT-cAMP-induced apical membrane current in presence of transepithelial chloride gradient and basolateral membrane permeabilization with amphotericin B by short-circuit current analysis,B,,,BAO_0000190,BAO_0000219,cell-based format,Cc1ccc(C2Nc3ccccc3-n3c(-c4ccccc4)c4c(=O)n(C)c(=O)n(C)c4c32)o1,,,CHEMBL1221227,J Med Chem,2009,"{'bei': '16.07', 'le': '0.29', 'lle': '2.94', 'sei': '9.51'}",CHEMBL1087004,,CHEMBL1087004,7.05,0,http://www.openphacts.org/units/Nanomolar,935612,=,1,1,=,,IC50,nM,,90.0,CHEMBL4051,Homo sapiens,Cystic fibrosis transmembrane conductance regulator,9606,,,IC50,nM,UO_0000065,,90.0
,,3421871,[],CHEMBL1227385,Inhibition of CFTR in nonpermeabilized human T84 cells assessed as inhibition of forskolin and IBMX-induced chloride current by short-circuit current analysis,B,,,BAO_0000190,BAO_0000219,cell-based format,Cc1ccc(C2Nc3ccccc3-n3c(-c4ccccc4)c4c(=O)n(C)c(=O)n(C)c4c32)o1,,,CHEMBL1221227,J Med Chem,2009,,CHEMBL1087004,,CHEMBL1087004,,0,http://www.openphacts.org/units/Nanomolar,935612,<,1,1,<,,IC50,nM,,1000.0,CHEMBL4051,Homo sapiens,Cystic fibrosis transmembrane conductance regulator,9606,,,IC50,uM,UO_0000065,,1.0
,,3421872,[],CHEMBL1228135,Inhibition of CFTR in nonpermeabilized human bronchial epithelial cells assessed as inhibition of forskolin and IBMX-induced chloride current at by short-circuit current analysis,B,,,BAO_0000190,BAO_0000219,cell-based format,Cc1ccc(C2Nc3ccccc3-n3c(-c4ccccc4)c4c(=O)n(C)c(=O)n(C)c4c32)o1,,,CHEMBL1221227,J Med Chem,2009,,CHEMBL1087004,,CHEMBL1087004,,0,http://www.openphacts.org/units/Nanomolar,935612,<,1,1,<,,IC50,nM,,1000.0,CHEMBL4051,Homo sapiens,Cystic fibrosis transmembrane conductance regulator,9606,,,IC50,uM,UO_0000065,,1.0
,,6206794,[],CHEMBL1780321,Inhibition of wild type CFTR expressed in CHO cells by [125I]iodide efflux assay,B,,,BAO_0000190,BAO_0000219,cell-based format,Cc1nc2cccc[n+]2c(C)c1[O-],,,CHEMBL1777708,Eur J Med Chem,2011,"{'bei': '47.65', 'le': '0.87', 'lle': '7.79', 'sei': '20.73'}",CHEMBL1779949,,CHEMBL1779949,8.30,0,http://www.openphacts.org/units/Nanomolar,1426050,=,1,1,=,,IC50,nM,,5.0,CHEMBL4051,Homo sapiens,Cystic fibrosis transmembrane conductance regulator,9606,,,IC50,nM,UO_0000065,,5.0
,,6206795,[],CHEMBL1780321,Inhibition of wild type CFTR expressed in CHO cells by [125I]iodide efflux assay,B,,,BAO_0000190,BAO_0000219,cell-based format,Cc1nc2c3ccccc3cc[n+]2c(C)c1[O-],,,CHEMBL1777708,Eur J Med Chem,2011,"{'bei': '34.76', 'le': '0.63', 'lle': '6.14', 'sei': '19.47'}",CHEMBL1779950,,CHEMBL1779950,7.80,0,http://www.openphacts.org/units/Nanomolar,1426051,=,1,1,=,,IC50,nM,,16.0,CHEMBL4051,Homo sapiens,Cystic fibrosis transmembrane conductance regulator,9606,,,IC50,nM,UO_0000065,,16.0
,,6206796,[],CHEMBL1780321,Inhibition of wild type CFTR expressed in CHO cells by [125I]iodide efflux assay,B,,,BAO_0000190,BAO_0000219,cell-based format,COc1ccc(Cl)cc1C(=O)NCCc1ccc(S(=O)(=O)NC(=O)NC2CCCCC2)cc1,,,CHEMBL1777708,Eur J Med Chem,2011,"{'bei': '9.76', 'le': '0.20', 'lle': '1.18', 'sei': '4.25'}",CHEMBL472,GLYBURIDE,CHEMBL472,4.82,0,http://www.openphacts.org/units/Nanomolar,1426052,=,1,1,=,,IC50,nM,,15000.0,CHEMBL4051,Homo sapiens,Cystic fibrosis transmembrane conductance regulator,9606,,,IC50,uM,UO_0000065,,15.0
,,6206800,[],CHEMBL1780321,Inhibition of wild type CFTR expressed in CHO cells by [125I]iodide efflux assay,B,,,BAO_0000190,BAO_0000219,cell-based format,C[C@]1(C(=O)O)N=C2c3ccccc3C=CN2[C@](C)(O)[C@@H]1O,,,CHEMBL1777708,Eur J Med Chem,2011,"{'bei': '27.14', 'le': '0.51', 'lle': '7.17', 'sei': '8.38'}",CHEMBL1779953,,CHEMBL1779953,7.82,0,http://www.openphacts.org/units/Nanomolar,1426055,=,1,1,=,,IC50,nM,,15.0,CHEMBL4051,Homo sapiens,Cystic fibrosis transmembrane conductance regulator,9606,,,IC50,nM,UO_0000065,,15.0
,,6206801,[],CHEMBL1780321,Inhibition of wild type CFTR expressed in CHO cells by [125I]iodide efflux assay,B,,,BAO_0000190,BAO_0000219,cell-based format,C[C@]1(C(=O)O)N=C2c3ccccc3C=CN2[C@](C)(O)[C@H]1O,,,CHEMBL1777708,Eur J Med Chem,2011,"{'bei': '27.14', 'le': '0.51', 'lle': '7.17', 'sei': '8.38'}",CHEMBL1779954,,CHEMBL1779954,7.82,0,http://www.openphacts.org/units/Nanomolar,1426056,=,1,1,=,,IC50,nM,,15.0,CHEMBL4051,Homo sapiens,Cystic fibrosis transmembrane conductance regulator,9606,,,IC50,nM,UO_0000065,,15.0
,,6362652,[],CHEMBL1832634,Inhibition of CFTR,B,,,BAO_0000190,BAO_0000357,single protein format,O=C(O)c1ccc(/C=C2\SC(=S)N(c3cccc(C(F)(F)F)c3)C2=O)cc1,,,CHEMBL1828512,J Med Chem,2011,"{'bei': '15.93', 'le': '0.33', 'lle': '1.71', 'sei': '11.32'}",CHEMBL461939,,CHEMBL461939,6.52,1,http://www.openphacts.org/units/Nanomolar,1459606,=,1,1,=,,IC50,nM,,300.0,CHEMBL4051,Homo sapiens,Cystic fibrosis transmembrane conductance regulator,9606,,,IC50,nM,UO_0000065,,300.0
,,6362660,[],CHEMBL1832641,Inhibition of human wild-type CFTR expressed in FRT cells coexpressing YFP-H148Q assessed as inhibition of cAMP agonist-induced iodide influx after 45 mins by fluorescence plate-reader analysis,F,,,BAO_0000190,BAO_0000219,cell-based format,Cc1ccc(C2Nc3ccccc3-n3c(-c4ccccc4)c4c(=O)n(C)c(=O)n(C)c4c32)o1,,,CHEMBL1828512,J Med Chem,2011,,CHEMBL1087004,,CHEMBL1087004,6.60,0,http://www.openphacts.org/units/Nanomolar,1459436,=,1,1,=,,IC50,nM,,250.0,CHEMBL4051,Homo sapiens,Cystic fibrosis transmembrane conductance regulator,9606,,,IC50,uM,UO_0000065,,0.25
,Not Active,6362661,[],CHEMBL1832641,Inhibition of human wild-type CFTR expressed in FRT cells coexpressing YFP-H148Q assessed as inhibition of cAMP agonist-induced iodide influx after 45 mins by fluorescence plate-reader analysis,F,,,BAO_0000190,BAO_0000219,cell-based format,Cc1ccc(C2c3c4c(c(-c5ccccc5)n3-c3ccccc3N2S(C)(=O)=O)c(=O)n(C)c(=O)n4C)o1,,,CHEMBL1828512,J Med Chem,2011,,CHEMBL1831049,,CHEMBL1831049,,0,,1459579,,1,0,,,IC50,,,,CHEMBL4051,Homo sapiens,Cystic fibrosis transmembrane conductance regulator,9606,,,IC50,,,,
,Not Active,6362662,[],CHEMBL1832641,Inhibition of human wild-type CFTR expressed in FRT cells coexpressing YFP-H148Q assessed as inhibition of cAMP agonist-induced iodide influx after 45 mins by fluorescence plate-reader analysis,F,,,BAO_0000190,BAO_0000219,cell-based format,Cc1ccc(C2c3c4c(c(-c5ccccc5)n3-c3ccccc3N2C(=O)CCl)c(=O)n(C)c(=O)n4C)o1,,,CHEMBL1828512,J Med Chem,2011,,CHEMBL1831050,,CHEMBL1831050,,0,,1459580,,1,0,,,IC50,,,,CHEMBL4051,Homo sapiens,Cystic fibrosis transmembrane conductance regulator,9606,,,IC50,,,,
,Not Active,6362663,[],CHEMBL1832641,Inhibition of human wild-type CFTR expressed in FRT cells coexpressing YFP-H148Q assessed as inhibition of cAMP agonist-induced iodide influx after 45 mins by fluorescence plate-reader analysis,F,,,BAO_0000190,BAO_0000219,cell-based format,CC(=O)N1c2ccccc2-n2c(-c3ccccc3)c3c(=O)n(C)c(=O)n(C)c3c2C1c1ccc(C)o1,,,CHEMBL1828512,J Med Chem,2011,,CHEMBL1831051,,CHEMBL1831051,,0,,1459581,,1,0,,,IC50,,,,CHEMBL4051,Homo sapiens,Cystic fibrosis transmembrane conductance regulator,9606,,,IC50,,,,
,,6362664,[],CHEMBL1832641,Inhibition of human wild-type CFTR expressed in FRT cells coexpressing YFP-H148Q assessed as inhibition of cAMP agonist-induced iodide influx after 45 mins by fluorescence plate-reader analysis,F,,,BAO_0000190,BAO_0000219,cell-based format,Cc1ccc(C2c3c4c(c(-c5ccccc5)n3-c3ccccc3N2N=O)c(=O)n(C)c(=O)n4C)o1,,,CHEMBL1828512,J Med Chem,2011,,CHEMBL1831052,,CHEMBL1831052,5.70,0,http://www.openphacts.org/units/Nanomolar,1459582,=,1,1,=,,IC50,nM,,2000.0,CHEMBL4051,Homo sapiens,Cystic fibrosis transmembrane conductance regulator,9606,,,IC50,uM,UO_0000065,,2.0
,,6362665,[],CHEMBL1832641,Inhibition of human wild-type CFTR expressed in FRT cells coexpressing YFP-H148Q assessed as inhibition of cAMP agonist-induced iodide influx after 45 mins by fluorescence plate-reader analysis,F,,,BAO_0000190,BAO_0000219,cell-based format,Cc1ccc(C2c3c4c(c(-c5ccccc5)n3-c3ccccc3N2C)c(=O)n(C)c(=O)n4C)o1,,,CHEMBL1828512,J Med Chem,2011,,CHEMBL1831053,,CHEMBL1831053,6.00,0,http://www.openphacts.org/units/Nanomolar,1459583,=,1,1,=,,IC50,nM,,1000.0,CHEMBL4051,Homo sapiens,Cystic fibrosis transmembrane conductance regulator,9606,,,IC50,uM,UO_0000065,,1.0
,,6362666,[],CHEMBL1832641,Inhibition of human wild-type CFTR expressed in FRT cells coexpressing YFP-H148Q assessed as inhibition of cAMP agonist-induced iodide influx after 45 mins by fluorescence plate-reader analysis,F,,,BAO_0000190,BAO_0000219,cell-based format,CCc1ccc(C2Nc3ccccc3-n3c(-c4ccccc4)c4c(=O)n(C)c(=O)n(C)c4c32)o1,,,CHEMBL1828512,J Med Chem,2011,,CHEMBL1831054,,CHEMBL1831054,6.52,0,http://www.openphacts.org/units/Nanomolar,1459584,=,1,1,=,,IC50,nM,,300.0,CHEMBL4051,Homo sapiens,Cystic fibrosis transmembrane conductance regulator,9606,,,IC50,uM,UO_0000065,,0.3
,,6362667,[],CHEMBL1832641,Inhibition of human wild-type CFTR expressed in FRT cells coexpressing YFP-H148Q assessed as inhibition of cAMP agonist-induced iodide influx after 45 mins by fluorescence plate-reader analysis,F,,,BAO_0000190,BAO_0000219,cell-based format,Cc1ccc(C2Nc3ccccc3-n3c(-c4ccccc4)c4c(=O)n(C)c(=O)n(C)c4c32)s1,,,CHEMBL1828512,J Med Chem,2011,,CHEMBL1831055,,CHEMBL1831055,5.77,0,http://www.openphacts.org/units/Nanomolar,1459585,=,1,1,=,,IC50,nM,,1700.0,CHEMBL4051,Homo sapiens,Cystic fibrosis transmembrane conductance regulator,9606,,,IC50,uM,UO_0000065,,1.7
,,6362668,[],CHEMBL1832641,Inhibition of human wild-type CFTR expressed in FRT cells coexpressing YFP-H148Q assessed as inhibition of cAMP agonist-induced iodide influx after 45 mins by fluorescence plate-reader analysis,F,,,BAO_0000190,BAO_0000219,cell-based format,Cc1cc(C2Nc3ccccc3-n3c(-c4ccccc4)c4c(=O)n(C)c(=O)n(C)c4c32)oc1C,,,CHEMBL1828512,J Med Chem,2011,,CHEMBL1831056,,CHEMBL1831056,5.77,0,http://www.openphacts.org/units/Nanomolar,1459586,=,1,1,=,,IC50,nM,,1700.0,CHEMBL4051,Homo sapiens,Cystic fibrosis transmembrane conductance regulator,9606,,,IC50,uM,UO_0000065,,1.7
,,6362669,[],CHEMBL1832641,Inhibition of human wild-type CFTR expressed in FRT cells coexpressing YFP-H148Q assessed as inhibition of cAMP agonist-induced iodide influx after 45 mins by fluorescence plate-reader analysis,F,,,BAO_0000190,BAO_0000219,cell-based format,Cn1c(=O)c2c(-c3ccccc3)n3c(c2n(C)c1=O)C(c1ccc(Cl)o1)Nc1ccccc1-3,,,CHEMBL1828512,J Med Chem,2011,,CHEMBL1831057,,CHEMBL1831057,6.82,0,http://www.openphacts.org/units/Nanomolar,1459587,=,1,1,=,,IC50,nM,,150.0,CHEMBL4051,Homo sapiens,Cystic fibrosis transmembrane conductance regulator,9606,,,IC50,uM,UO_0000065,,0.15
,,6362670,[],CHEMBL1832641,Inhibition of human wild-type CFTR expressed in FRT cells coexpressing YFP-H148Q assessed as inhibition of cAMP agonist-induced iodide influx after 45 mins by fluorescence plate-reader analysis,F,,,BAO_0000190,BAO_0000219,cell-based format,Cn1c(=O)c2c(-c3ccccc3)n3c(c2n(C)c1=O)C(c1ccc(Br)o1)Nc1ccccc1-3,,,CHEMBL1828512,J Med Chem,2011,,CHEMBL1831058,,CHEMBL1831058,7.05,0,http://www.openphacts.org/units/Nanomolar,1459588,=,1,1,=,,IC50,nM,,90.0,CHEMBL4051,Homo sapiens,Cystic fibrosis transmembrane conductance regulator,9606,,,IC50,uM,UO_0000065,,0.09
,,6362671,[],CHEMBL1832641,Inhibition of human wild-type CFTR expressed in FRT cells coexpressing YFP-H148Q assessed as inhibition of cAMP agonist-induced iodide influx after 45 mins by fluorescence plate-reader analysis,F,,,BAO_0000190,BAO_0000219,cell-based format,Cn1c(=O)c2c(-c3ccccc3)n3c(c2n(C)c1=O)C(c1ccc(I)o1)Nc1ccccc1-3,,,CHEMBL1828512,J Med Chem,2011,,CHEMBL1831059,,CHEMBL1831059,6.77,0,http://www.openphacts.org/units/Nanomolar,1459589,=,1,1,=,,IC50,nM,,170.0,CHEMBL4051,Homo sapiens,Cystic fibrosis transmembrane conductance regulator,9606,,,IC50,uM,UO_0000065,,0.17
,,6362672,[],CHEMBL1832641,Inhibition of human wild-type CFTR expressed in FRT cells coexpressing YFP-H148Q assessed as inhibition of cAMP agonist-induced iodide influx after 45 mins by fluorescence plate-reader analysis,F,,,BAO_0000190,BAO_0000219,cell-based format,Cn1c(=O)c2c(-c3ccccc3)n3c(c2n(C)c1=O)C(c1ccc(C(F)(F)F)o1)Nc1ccccc1-3,,,CHEMBL1828512,J Med Chem,2011,,CHEMBL1831060,,CHEMBL1831060,6.46,0,http://www.openphacts.org/units/Nanomolar,1459590,=,1,1,=,,IC50,nM,,350.0,CHEMBL4051,Homo sapiens,Cystic fibrosis transmembrane conductance regulator,9606,,,IC50,uM,UO_0000065,,0.35
,Not Active,6362673,[],CHEMBL1832641,Inhibition of human wild-type CFTR expressed in FRT cells coexpressing YFP-H148Q assessed as inhibition of cAMP agonist-induced iodide influx after 45 mins by fluorescence plate-reader analysis,F,,,BAO_0000190,BAO_0000219,cell-based format,Cn1c(=O)c2c(-c3ccccc3)n3c(c2n(C)c1=O)C(c1ccc(-c2ccccc2)o1)Nc1ccccc1-3,,,CHEMBL1828512,J Med Chem,2011,,CHEMBL1831061,,CHEMBL1831061,,0,,1459591,,1,0,,,IC50,,,,CHEMBL4051,Homo sapiens,Cystic fibrosis transmembrane conductance regulator,9606,,,IC50,,,,
,Not Active,6362674,[],CHEMBL1832641,Inhibition of human wild-type CFTR expressed in FRT cells coexpressing YFP-H148Q assessed as inhibition of cAMP agonist-induced iodide influx after 45 mins by fluorescence plate-reader analysis,F,,,BAO_0000190,BAO_0000219,cell-based format,Cn1c(=O)c2c(-c3ccccc3)n3c(c2n(C)c1=O)C(c1ccc(CO)o1)Nc1ccccc1-3,,,CHEMBL1828512,J Med Chem,2011,,CHEMBL1831062,,CHEMBL1831062,,0,,1459592,,1,0,,,IC50,,,,CHEMBL4051,Homo sapiens,Cystic fibrosis transmembrane conductance regulator,9606,,,IC50,,,,
,Not Active,6362675,[],CHEMBL1832641,Inhibition of human wild-type CFTR expressed in FRT cells coexpressing YFP-H148Q assessed as inhibition of cAMP agonist-induced iodide influx after 45 mins by fluorescence plate-reader analysis,F,,,BAO_0000190,BAO_0000219,cell-based format,Cn1c(=O)c2c(-c3ccccc3)n3c(c2n(C)c1=O)C(c1cc2ccccc2o1)Nc1ccccc1-3,,,CHEMBL1828512,J Med Chem,2011,,CHEMBL1831063,,CHEMBL1831063,,0,,1459593,,1,0,,,IC50,,,,CHEMBL4051,Homo sapiens,Cystic fibrosis transmembrane conductance regulator,9606,,,IC50,,,,
,,6362676,[],CHEMBL1832641,Inhibition of human wild-type CFTR expressed in FRT cells coexpressing YFP-H148Q assessed as inhibition of cAMP agonist-induced iodide influx after 45 mins by fluorescence plate-reader analysis,F,,,BAO_0000190,BAO_0000219,cell-based format,Cn1c(=O)c2c(-c3ccccc3)n3c(c2n(C)c1=O)C(c1ccc(Br)o1)Oc1ccccc1-3,,,CHEMBL1828512,J Med Chem,2011,,CHEMBL1831064,,CHEMBL1831064,6.70,0,http://www.openphacts.org/units/Nanomolar,1459594,=,1,1,=,,IC50,nM,,200.0,CHEMBL4051,Homo sapiens,Cystic fibrosis transmembrane conductance regulator,9606,,,IC50,uM,UO_0000065,,0.2
,,6362677,[],CHEMBL1832641,Inhibition of human wild-type CFTR expressed in FRT cells coexpressing YFP-H148Q assessed as inhibition of cAMP agonist-induced iodide influx after 45 mins by fluorescence plate-reader analysis,F,,,BAO_0000190,BAO_0000219,cell-based format,Cn1c(=O)c2c(-c3ccccc3)n3c(c2n(C)c1=O)C(c1ccc(I)o1)Oc1ccccc1-3,,,CHEMBL1828512,J Med Chem,2011,,CHEMBL1831065,,CHEMBL1831065,6.30,0,http://www.openphacts.org/units/Nanomolar,1459595,=,1,1,=,,IC50,nM,,500.0,CHEMBL4051,Homo sapiens,Cystic fibrosis transmembrane conductance regulator,9606,,,IC50,uM,UO_0000065,,0.5
,,6362678,[],CHEMBL1832641,Inhibition of human wild-type CFTR expressed in FRT cells coexpressing YFP-H148Q assessed as inhibition of cAMP agonist-induced iodide influx after 45 mins by fluorescence plate-reader analysis,F,,,BAO_0000190,BAO_0000219,cell-based format,Cc1ccc(C2Oc3ccccc3-n3c(-c4ccccc4)c4c(=O)n(C)c(=O)n(C)c4c32)o1,,,CHEMBL1828512,J Med Chem,2011,,CHEMBL1831066,,CHEMBL1831066,6.82,0,http://www.openphacts.org/units/Nanomolar,1459596,=,1,1,=,,IC50,nM,,150.0,CHEMBL4051,Homo sapiens,Cystic fibrosis transmembrane conductance regulator,9606,,,IC50,uM,UO_0000065,,0.15
,,6362679,[],CHEMBL1832641,Inhibition of human wild-type CFTR expressed in FRT cells coexpressing YFP-H148Q assessed as inhibition of cAMP agonist-induced iodide influx after 45 mins by fluorescence plate-reader analysis,F,,,BAO_0000190,BAO_0000219,cell-based format,Cc1cccc(-c2c3c(=O)n(C)c(=O)n(C)c3c3n2-c2ccccc2OC3c2ccc(Cl)o2)c1,,,CHEMBL1828512,J Med Chem,2011,,CHEMBL1831067,,CHEMBL1831067,6.43,0,http://www.openphacts.org/units/Nanomolar,1459597,=,1,1,=,,IC50,nM,,370.0,CHEMBL4051,Homo sapiens,Cystic fibrosis transmembrane conductance regulator,9606,,,IC50,uM,UO_0000065,,0.37
,,6362680,[],CHEMBL1832641,Inhibition of human wild-type CFTR expressed in FRT cells coexpressing YFP-H148Q assessed as inhibition of cAMP agonist-induced iodide influx after 45 mins by fluorescence plate-reader analysis,F,,,BAO_0000190,BAO_0000219,cell-based format,Cc1cccc(-c2c3c(=O)n(C)c(=O)n(C)c3c3n2-c2ccccc2OC3c2ccc(C)o2)c1,,,CHEMBL1828512,J Med Chem,2011,,CHEMBL1831068,,CHEMBL1831068,6.22,0,http://www.openphacts.org/units/Nanomolar,1459598,=,1,1,=,,IC50,nM,,600.0,CHEMBL4051,Homo sapiens,Cystic fibrosis transmembrane conductance regulator,9606,,,IC50,uM,UO_0000065,,0.6
,,6362681,[],CHEMBL1832641,Inhibition of human wild-type CFTR expressed in FRT cells coexpressing YFP-H148Q assessed as inhibition of cAMP agonist-induced iodide influx after 45 mins by fluorescence plate-reader analysis,F,,,BAO_0000190,BAO_0000219,cell-based format,Cn1c(=O)c2c(-c3ccccc3)n3c(c2n(C)c1=O)C(c1ccc(Br)o1)Oc1ccc([N+](=O)[O-])cc1-3,,,CHEMBL1828512,J Med Chem,2011,,CHEMBL1831069,,CHEMBL1831069,6.92,0,http://www.openphacts.org/units/Nanomolar,1459599,=,1,1,=,,IC50,nM,,120.0,CHEMBL4051,Homo sapiens,Cystic fibrosis transmembrane conductance regulator,9606,,,IC50,uM,UO_0000065,,0.12
,,6362682,[],CHEMBL1832641,Inhibition of human wild-type CFTR expressed in FRT cells coexpressing YFP-H148Q assessed as inhibition of cAMP agonist-induced iodide influx after 45 mins by fluorescence plate-reader analysis,F,,,BAO_0000190,BAO_0000219,cell-based format,Cc1ccc(C2Oc3ccc([N+](=O)[O-])cc3-n3c(-c4ccccc4)c4c(=O)n(C)c(=O)n(C)c4c32)o1,,,CHEMBL1828512,J Med Chem,2011,,CHEMBL1831070,,CHEMBL1831070,7.00,0,http://www.openphacts.org/units/Nanomolar,1459600,=,1,1,=,,IC50,nM,,100.0,CHEMBL4051,Homo sapiens,Cystic fibrosis transmembrane conductance regulator,9606,,,IC50,uM,UO_0000065,,0.1
,,6362683,[],CHEMBL1832641,Inhibition of human wild-type CFTR expressed in FRT cells coexpressing YFP-H148Q assessed as inhibition of cAMP agonist-induced iodide influx after 45 mins by fluorescence plate-reader analysis,F,,,BAO_0000190,BAO_0000219,cell-based format,Cn1c(=O)c2c(-c3ccccc3)n3c(c2n(C)c1=O)C(c1ccc(Br)o1)Nc1ccc([N+](=O)[O-])cc1-3,,,CHEMBL1828512,J Med Chem,2011,,CHEMBL1831071,,CHEMBL1831071,6.77,0,http://www.openphacts.org/units/Nanomolar,1459601,=,1,1,=,,IC50,nM,,170.0,CHEMBL4051,Homo sapiens,Cystic fibrosis transmembrane conductance regulator,9606,,,IC50,uM,UO_0000065,,0.17
,,6362684,[],CHEMBL1832641,Inhibition of human wild-type CFTR expressed in FRT cells coexpressing YFP-H148Q assessed as inhibition of cAMP agonist-induced iodide influx after 45 mins by fluorescence plate-reader analysis,F,,,BAO_0000190,BAO_0000219,cell-based format,Cc1ccc(C2Oc3cc([N+](=O)[O-])c(Cl)cc3-n3c(-c4ccccc4)c4c(=O)n(C)c(=O)n(C)c4c32)o1,,,CHEMBL1828512,J Med Chem,2011,,CHEMBL1831072,,CHEMBL1831072,6.77,0,http://www.openphacts.org/units/Nanomolar,1459602,=,1,1,=,,IC50,nM,,170.0,CHEMBL4051,Homo sapiens,Cystic fibrosis transmembrane conductance regulator,9606,,,IC50,uM,UO_0000065,,0.17
,,6362685,[],CHEMBL1832641,Inhibition of human wild-type CFTR expressed in FRT cells coexpressing YFP-H148Q assessed as inhibition of cAMP agonist-induced iodide influx after 45 mins by fluorescence plate-reader analysis,F,,,BAO_0000190,BAO_0000219,cell-based format,CCOC(=O)c1ccc2c(c1)-n1c(-c3ccccc3)c3c(=O)n(C)c(=O)n(C)c3c1C(c1ccc(Br)o1)O2,,,CHEMBL1828512,J Med Chem,2011,,CHEMBL1831073,,CHEMBL1831073,7.30,0,http://www.openphacts.org/units/Nanomolar,1459603,=,1,1,=,,IC50,nM,,50.0,CHEMBL4051,Homo sapiens,Cystic fibrosis transmembrane conductance regulator,9606,,,IC50,uM,UO_0000065,,0.05
,,6362686,[],CHEMBL1832641,Inhibition of human wild-type CFTR expressed in FRT cells coexpressing YFP-H148Q assessed as inhibition of cAMP agonist-induced iodide influx after 45 mins by fluorescence plate-reader analysis,F,,,BAO_0000190,BAO_0000219,cell-based format,CCOC(=O)c1ccc2c(c1)-n1c(-c3ccccc3)c3c(=O)n(C)c(=O)n(C)c3c1C(c1ccc(C)o1)O2,,,CHEMBL1828512,J Med Chem,2011,,CHEMBL1831074,,CHEMBL1831074,7.10,0,http://www.openphacts.org/units/Nanomolar,1459604,=,1,1,=,,IC50,nM,,80.0,CHEMBL4051,Homo sapiens,Cystic fibrosis transmembrane conductance regulator,9606,,,IC50,uM,UO_0000065,,0.08
,,6362687,[],CHEMBL1832641,Inhibition of human wild-type CFTR expressed in FRT cells coexpressing YFP-H148Q assessed as inhibition of cAMP agonist-induced iodide influx after 45 mins by fluorescence plate-reader analysis,F,,,BAO_0000190,BAO_0000219,cell-based format,Cn1c(=O)c2c(-c3ccccc3)n3c(c2n(C)c1=O)C(c1ccc(Br)o1)Oc1ccc(C(=O)O)cc1-3,,,CHEMBL1828512,J Med Chem,2011,,CHEMBL1831075,,CHEMBL1831075,7.40,0,http://www.openphacts.org/units/Nanomolar,1459605,=,1,1,=,,IC50,nM,,40.0,CHEMBL4051,Homo sapiens,Cystic fibrosis transmembrane conductance regulator,9606,,,IC50,uM,UO_0000065,,0.04
,,6362688,[],CHEMBL1832642,Inhibition of human wild-type CFTR expressed in FRT cells assessed as inhibition of forskolin-induced short-circuit current by voltage clamp electrophysiology assay,B,,,BAO_0000190,BAO_0000219,cell-based format,Cc1ccc(C2Nc3ccccc3-n3c(-c4ccccc4)c4c(=O)n(C)c(=O)n(C)c4c32)o1,,,CHEMBL1828512,J Med Chem,2011,"{'bei': '15.96', 'le': '0.29', 'lle': '2.89', 'sei': '9.45'}",CHEMBL1087004,,CHEMBL1087004,7.00,0,http://www.openphacts.org/units/Nanomolar,1459436,=,1,1,=,,IC50,nM,,100.0,CHEMBL4051,Homo sapiens,Cystic fibrosis transmembrane conductance regulator,9606,,,IC50,uM,UO_0000065,,0.1
,,6362689,[],CHEMBL1832642,Inhibition of human wild-type CFTR expressed in FRT cells assessed as inhibition of forskolin-induced short-circuit current by voltage clamp electrophysiology assay,B,,,BAO_0000190,BAO_0000219,cell-based format,Cn1c(=O)c2c(-c3ccccc3)n3c(c2n(C)c1=O)C(c1ccc(Br)o1)Nc1ccccc1-3,,,CHEMBL1828512,J Med Chem,2011,"{'bei': '14.50', 'le': '0.30', 'lle': '2.73', 'sei': '9.85'}",CHEMBL1831058,,CHEMBL1831058,7.30,0,http://www.openphacts.org/units/Nanomolar,1459588,=,1,1,=,,IC50,nM,,50.0,CHEMBL4051,Homo sapiens,Cystic fibrosis transmembrane conductance regulator,9606,,,IC50,uM,UO_0000065,,0.05
,,6362690,[],CHEMBL1832642,Inhibition of human wild-type CFTR expressed in FRT cells assessed as inhibition of forskolin-induced short-circuit current by voltage clamp electrophysiology assay,B,,,BAO_0000190,BAO_0000219,cell-based format,Cn1c(=O)c2c(-c3ccccc3)n3c(c2n(C)c1=O)C(c1ccc(I)o1)Nc1ccccc1-3,,,CHEMBL1828512,J Med Chem,2011,"{'bei': '12.72', 'le': '0.29', 'lle': '2.59', 'sei': '9.45'}",CHEMBL1831059,,CHEMBL1831059,7.00,0,http://www.openphacts.org/units/Nanomolar,1459589,=,1,1,=,,IC50,nM,,100.0,CHEMBL4051,Homo sapiens,Cystic fibrosis transmembrane conductance regulator,9606,,,IC50,uM,UO_0000065,,0.1
,,6362691,[],CHEMBL1832642,Inhibition of human wild-type CFTR expressed in FRT cells assessed as inhibition of forskolin-induced short-circuit current by voltage clamp electrophysiology assay,B,,,BAO_0000190,BAO_0000219,cell-based format,Cn1c(=O)c2c(-c3ccccc3)n3c(c2n(C)c1=O)C(c1ccc(Br)o1)Oc1ccccc1-3,,,CHEMBL1828512,J Med Chem,2011,"{'bei': '13.97', 'le': '0.29', 'lle': '2.52', 'sei': '9.88'}",CHEMBL1831064,,CHEMBL1831064,7.05,0,http://www.openphacts.org/units/Nanomolar,1459594,=,1,1,=,,IC50,nM,,90.0,CHEMBL4051,Homo sapiens,Cystic fibrosis transmembrane conductance regulator,9606,,,IC50,uM,UO_0000065,,0.09
,,6362692,[],CHEMBL1832642,Inhibition of human wild-type CFTR expressed in FRT cells assessed as inhibition of forskolin-induced short-circuit current by voltage clamp electrophysiology assay,B,,,BAO_0000190,BAO_0000219,cell-based format,Cn1c(=O)c2c(-c3ccccc3)n3c(c2n(C)c1=O)C(c1ccc(Br)o1)Oc1ccc([N+](=O)[O-])cc1-3,,,CHEMBL1828512,J Med Chem,2011,"{'bei': '13.84', 'le': '0.29', 'lle': '3.16', 'sei': '6.64'}",CHEMBL1831069,,CHEMBL1831069,7.60,0,http://www.openphacts.org/units/Nanomolar,1459599,=,1,1,=,,IC50,nM,,25.0,CHEMBL4051,Homo sapiens,Cystic fibrosis transmembrane conductance regulator,9606,,,IC50,uM,UO_0000065,,0.025
,,6362693,[],CHEMBL1832642,Inhibition of human wild-type CFTR expressed in FRT cells assessed as inhibition of forskolin-induced short-circuit current by voltage clamp electrophysiology assay,B,,,BAO_0000190,BAO_0000219,cell-based format,Cc1ccc(C2Oc3ccc([N+](=O)[O-])cc3-n3c(-c4ccccc4)c4c(=O)n(C)c(=O)n(C)c4c32)o1,,,CHEMBL1828512,J Med Chem,2011,"{'bei': '15.69', 'le': '0.29', 'lle': '3.61', 'sei': '6.64'}",CHEMBL1831070,,CHEMBL1831070,7.60,0,http://www.openphacts.org/units/Nanomolar,1459600,=,1,1,=,,IC50,nM,,25.0,CHEMBL4051,Homo sapiens,Cystic fibrosis transmembrane conductance regulator,9606,,,IC50,uM,UO_0000065,,0.025
,,6362694,[],CHEMBL1832642,Inhibition of human wild-type CFTR expressed in FRT cells assessed as inhibition of forskolin-induced short-circuit current by voltage clamp electrophysiology assay,B,,,BAO_0000190,BAO_0000219,cell-based format,CCOC(=O)c1ccc2c(c1)-n1c(-c3ccccc3)c3c(=O)n(C)c(=O)n(C)c3c1C(c1ccc(Br)o1)O2,,,CHEMBL1828512,J Med Chem,2011,"{'bei': '13.19', 'le': '0.27', 'lle': '2.89', 'sei': '7.79'}",CHEMBL1831073,,CHEMBL1831073,7.60,0,http://www.openphacts.org/units/Nanomolar,1459603,=,1,1,=,,IC50,nM,,25.0,CHEMBL4051,Homo sapiens,Cystic fibrosis transmembrane conductance regulator,9606,,,IC50,uM,UO_0000065,,0.025
,,6362695,[],CHEMBL1832642,Inhibition of human wild-type CFTR expressed in FRT cells assessed as inhibition of forskolin-induced short-circuit current by voltage clamp electrophysiology assay,B,,,BAO_0000190,BAO_0000219,cell-based format,Cn1c(=O)c2c(-c3ccccc3)n3c(c2n(C)c1=O)C(c1ccc(Br)o1)Oc1ccc(C(=O)O)cc1-3,,,CHEMBL1828512,J Med Chem,2011,"{'bei': '14.77', 'le': '0.31', 'lle': '3.87', 'sei': '7.46'}",CHEMBL1831075,,CHEMBL1831075,8.10,0,http://www.openphacts.org/units/Nanomolar,1459605,=,1,1,=,,IC50,nM,,8.0,CHEMBL4051,Homo sapiens,Cystic fibrosis transmembrane conductance regulator,9606,,,IC50,uM,UO_0000065,,0.008
,,13326575,[],CHEMBL2389886,Inhibition of wild type human CFTR chloride conductance expressed in forskolin-stimulated rat FRT cells by short-circuit current analysis in presence of transepithelial chloride gradient,B,,,BAO_0000190,BAO_0000219,cell-based format,CC(C)N.Cn1c(=O)c2c(-c3ccccc3)n3c(c2n(C)c1=O)[C@H](c1ccc(Br)o1)Oc1ccc(C(=O)O)cc1-3,,,CHEMBL2384965,ACS Med Chem Lett,2013,"{'bei': '13.82', 'le': None, 'lle': None, 'sei': None}",CHEMBL2386374,,CHEMBL2386374,8.40,0,http://www.openphacts.org/units/Nanomolar,1896732,=,1,1,=,,IC50,nM,,4.0,CHEMBL4051,Homo sapiens,Cystic fibrosis transmembrane conductance regulator,9606,,,IC50,nM,UO_0000065,,4.0
,,15008274,[],CHEMBL3368026,Correction of defective trafficking of human deltaF508 mutant CFTR protein expressed in FRT epithelial cells coexpressing YFP-H148Q/I152L protein assessed as iodide influx for 16 to 20 hrs by fluorescence assay,B,,,BAO_0000190,BAO_0000219,cell-based format,COc1ccc(Cl)cc1Nc1nc2c(s1)CCCc1nc(N)sc1-2,,,CHEMBL3352726,J Med Chem,2014,"{'bei': '13.09', 'le': '0.28', 'lle': '0.22', 'sei': '6.79'}",CHEMBL3323398,,CHEMBL3323398,4.96,0,http://www.openphacts.org/units/Nanomolar,2265803,=,1,1,=,,IC50,nM,,11000.0,CHEMBL4051,Homo sapiens,Cystic fibrosis transmembrane conductance regulator,9606,,,IC50,uM,UO_0000065,,11.0
,,15008297,[],CHEMBL3368026,Correction of defective trafficking of human deltaF508 mutant CFTR protein expressed in FRT epithelial cells coexpressing YFP-H148Q/I152L protein assessed as iodide influx for 16 to 20 hrs by fluorescence assay,B,,,BAO_0000190,BAO_0000219,cell-based format,COc1ccc(Cl)cc1Nc1nc2c(s1)CCCc1nc(NC(=O)C(C)(C)C)sc1-2,,,CHEMBL3352726,J Med Chem,2014,"{'bei': '12.18', 'le': '0.26', 'lle': '-0.51', 'sei': '7.41'}",CHEMBL495336,,CHEMBL495336,5.64,0,http://www.openphacts.org/units/Nanomolar,2265804,=,1,1,=,,IC50,nM,,2300.0,CHEMBL4051,Homo sapiens,Cystic fibrosis transmembrane conductance regulator,9606,,,IC50,uM,UO_0000065,,2.3
,,15008298,[],CHEMBL3368026,Correction of defective trafficking of human deltaF508 mutant CFTR protein expressed in FRT epithelial cells coexpressing YFP-H148Q/I152L protein assessed as iodide influx for 16 to 20 hrs by fluorescence assay,B,,,BAO_0000190,BAO_0000219,cell-based format,COc1ccc(Cl)cc1Nc1nc2c(s1)CCCc1nc(NC(=O)C3CC3)sc1-2,,,CHEMBL3352726,J Med Chem,2014,"{'bei': '11.30', 'le': '0.24', 'lle': '-0.46', 'sei': '6.63'}",CHEMBL3323399,,CHEMBL3323399,5.05,0,http://www.openphacts.org/units/Nanomolar,2265805,=,1,1,=,,IC50,nM,,8900.0,CHEMBL4051,Homo sapiens,Cystic fibrosis transmembrane conductance regulator,9606,,,IC50,uM,UO_0000065,,8.9
,,15008299,[],CHEMBL3368026,Correction of defective trafficking of human deltaF508 mutant CFTR protein expressed in FRT epithelial cells coexpressing YFP-H148Q/I152L protein assessed as iodide influx for 16 to 20 hrs by fluorescence assay,B,,,BAO_0000190,BAO_0000219,cell-based format,COc1ccc(Cl)cc1Nc1nc2c(s1)CCCc1nc(NC(=O)C(C)C)sc1-2,,,CHEMBL3352726,J Med Chem,2014,"{'bei': '11.66', 'le': '0.25', 'lle': '-0.52', 'sei': '6.88'}",CHEMBL3323400,,CHEMBL3323400,5.24,0,http://www.openphacts.org/units/Nanomolar,2265806,=,1,1,=,,IC50,nM,,5800.0,CHEMBL4051,Homo sapiens,Cystic fibrosis transmembrane conductance regulator,9606,,,IC50,uM,UO_0000065,,5.8
,,15008300,[],CHEMBL3368026,Correction of defective trafficking of human deltaF508 mutant CFTR protein expressed in FRT epithelial cells coexpressing YFP-H148Q/I152L protein assessed as iodide influx for 16 to 20 hrs by fluorescence assay,B,,,BAO_0000190,BAO_0000219,cell-based format,CCC(C)C(=O)Nc1nc2c(s1)-c1nc(Nc3cc(Cl)ccc3OC)sc1CCC2,,,CHEMBL3352726,J Med Chem,2014,"{'bei': '11.19', 'le': '0.24', 'lle': '-0.97', 'sei': '6.80'}",CHEMBL3323401,,CHEMBL3323401,5.18,0,http://www.openphacts.org/units/Nanomolar,2265807,=,1,1,=,,IC50,nM,,6600.0,CHEMBL4051,Homo sapiens,Cystic fibrosis transmembrane conductance regulator,9606,,,IC50,uM,UO_0000065,,6.6
,,15008301,[],CHEMBL3368026,Correction of defective trafficking of human deltaF508 mutant CFTR protein expressed in FRT epithelial cells coexpressing YFP-H148Q/I152L protein assessed as iodide influx for 16 to 20 hrs by fluorescence assay,B,,,BAO_0000190,BAO_0000219,cell-based format,COC(=O)CCC(=O)Nc1nc2c(s1)-c1nc(Nc3cc(Cl)ccc3OC)sc1CCC2,,,CHEMBL3352726,J Med Chem,2014,"{'bei': '10.25', 'le': '0.22', 'lle': '0.01', 'sei': '4.94'}",CHEMBL3323402,,CHEMBL3323402,5.06,0,http://www.openphacts.org/units/Nanomolar,2265808,=,1,1,=,,IC50,nM,,8800.0,CHEMBL4051,Homo sapiens,Cystic fibrosis transmembrane conductance regulator,9606,,,IC50,uM,UO_0000065,,8.8
,,15008302,[],CHEMBL3368026,Correction of defective trafficking of human deltaF508 mutant CFTR protein expressed in FRT epithelial cells coexpressing YFP-H148Q/I152L protein assessed as iodide influx for 16 to 20 hrs by fluorescence assay,B,,,BAO_0000190,BAO_0000219,cell-based format,COc1ccc(Cl)cc1Nc1nc2c(s1)CCCc1nc(NC(=O)c3ccno3)sc1-2,,,CHEMBL3352726,J Med Chem,2014,"{'bei': '11.22', 'le': '0.23', 'lle': '-0.08', 'sei': '5.21'}",CHEMBL3323403,,CHEMBL3323403,5.32,0,http://www.openphacts.org/units/Nanomolar,2265809,=,1,1,=,,IC50,nM,,4800.0,CHEMBL4051,Homo sapiens,Cystic fibrosis transmembrane conductance regulator,9606,,,IC50,uM,UO_0000065,,4.8
,,15008303,[],CHEMBL3368026,Correction of defective trafficking of human deltaF508 mutant CFTR protein expressed in FRT epithelial cells coexpressing YFP-H148Q/I152L protein assessed as iodide influx for 16 to 20 hrs by fluorescence assay,B,,,BAO_0000190,BAO_0000219,cell-based format,COc1ccc(Cl)cc1Nc1nc2c(s1)CCCCc1nc(N)sc1-2,,,CHEMBL3352726,J Med Chem,2014,"{'bei': '12.82', 'le': '0.28', 'lle': '-0.09', 'sei': '6.89'}",CHEMBL3323404,,CHEMBL3323404,5.04,0,http://www.openphacts.org/units/Nanomolar,2265810,=,1,1,=,,IC50,nM,,9200.0,CHEMBL4051,Homo sapiens,Cystic fibrosis transmembrane conductance regulator,9606,,,IC50,uM,UO_0000065,,9.2
,,15008304,[],CHEMBL3368026,Correction of defective trafficking of human deltaF508 mutant CFTR protein expressed in FRT epithelial cells coexpressing YFP-H148Q/I152L protein assessed as iodide influx for 16 to 20 hrs by fluorescence assay,B,,,BAO_0000190,BAO_0000219,cell-based format,COc1ccc(Cl)cc1Nc1nc2c(s1)CCCCc1nc(NC(=O)C(C)(C)C)sc1-2,,,CHEMBL3352726,J Med Chem,2014,"{'bei': '11.29', 'le': '0.24', 'lle': '-1.15', 'sei': '7.08'}",CHEMBL3323405,,CHEMBL3323405,5.39,0,http://www.openphacts.org/units/Nanomolar,2265811,=,1,1,=,,IC50,nM,,4100.0,CHEMBL4051,Homo sapiens,Cystic fibrosis transmembrane conductance regulator,9606,,,IC50,uM,UO_0000065,,4.1
,,15008305,[],CHEMBL3368026,Correction of defective trafficking of human deltaF508 mutant CFTR protein expressed in FRT epithelial cells coexpressing YFP-H148Q/I152L protein assessed as iodide influx for 16 to 20 hrs by fluorescence assay,B,,,BAO_0000190,BAO_0000219,cell-based format,COc1ccc(Cl)cc1Nc1nc2c(s1)CCCCc1nc(NC(=O)C3CC3)sc1-2,,,CHEMBL3352726,J Med Chem,2014,"{'bei': '11.60', 'le': '0.24', 'lle': '-0.55', 'sei': '7.02'}",CHEMBL3323406,,CHEMBL3323406,5.35,0,http://www.openphacts.org/units/Nanomolar,2265812,=,1,1,=,,IC50,nM,,4500.0,CHEMBL4051,Homo sapiens,Cystic fibrosis transmembrane conductance regulator,9606,,,IC50,uM,UO_0000065,,4.5
,,15008306,[],CHEMBL3368026,Correction of defective trafficking of human deltaF508 mutant CFTR protein expressed in FRT epithelial cells coexpressing YFP-H148Q/I152L protein assessed as iodide influx for 16 to 20 hrs by fluorescence assay,B,,,BAO_0000190,BAO_0000219,cell-based format,COc1ccc(Cl)cc1Nc1nc2c(s1)CCCCc1nc(NC(=O)C(C)C)sc1-2,,,CHEMBL3352726,J Med Chem,2014,"{'bei': '10.93', 'le': '0.23', 'lle': '-1.09', 'sei': '6.65'}",CHEMBL3323407,,CHEMBL3323407,5.06,0,http://www.openphacts.org/units/Nanomolar,2265813,=,1,1,=,,IC50,nM,,8700.0,CHEMBL4051,Homo sapiens,Cystic fibrosis transmembrane conductance regulator,9606,,,IC50,uM,UO_0000065,,8.7
,,15008307,[],CHEMBL3368026,Correction of defective trafficking of human deltaF508 mutant CFTR protein expressed in FRT epithelial cells coexpressing YFP-H148Q/I152L protein assessed as iodide influx for 16 to 20 hrs by fluorescence assay,B,,,BAO_0000190,BAO_0000219,cell-based format,CCC(C)C(=O)Nc1nc2c(s1)-c1nc(Nc3cc(Cl)ccc3OC)sc1CCCC2,,,CHEMBL3352726,J Med Chem,2014,"{'bei': '11.61', 'le': '0.24', 'lle': '-1.00', 'sei': '7.27'}",CHEMBL3323408,,CHEMBL3323408,5.54,0,http://www.openphacts.org/units/Nanomolar,2265814,=,1,1,=,,IC50,nM,,2900.0,CHEMBL4051,Homo sapiens,Cystic fibrosis transmembrane conductance regulator,9606,,,IC50,uM,UO_0000065,,2.9
,,15008308,[],CHEMBL3368026,Correction of defective trafficking of human deltaF508 mutant CFTR protein expressed in FRT epithelial cells coexpressing YFP-H148Q/I152L protein assessed as iodide influx for 16 to 20 hrs by fluorescence assay,B,,,BAO_0000190,BAO_0000219,cell-based format,COC(=O)CCC(=O)Nc1nc2c(s1)-c1nc(Nc3cc(Cl)ccc3OC)sc1CCCC2,,,CHEMBL3352726,J Med Chem,2014,"{'bei': '10.02', 'le': '0.21', 'lle': '-0.36', 'sei': '4.96'}",CHEMBL3323409,,CHEMBL3323409,5.08,0,http://www.openphacts.org/units/Nanomolar,2265815,=,1,1,=,,IC50,nM,,8300.0,CHEMBL4051,Homo sapiens,Cystic fibrosis transmembrane conductance regulator,9606,,,IC50,uM,UO_0000065,,8.3
,,15008309,[],CHEMBL3368026,Correction of defective trafficking of human deltaF508 mutant CFTR protein expressed in FRT epithelial cells coexpressing YFP-H148Q/I152L protein assessed as iodide influx for 16 to 20 hrs by fluorescence assay,B,,,BAO_0000190,BAO_0000219,cell-based format,COc1ccc(Cl)cc1Nc1nc2c(s1)CCCCc1nc(NC(=O)c3ccno3)sc1-2,,,CHEMBL3352726,J Med Chem,2014,"{'bei': '10.62', 'le': '0.22', 'lle': '-0.61', 'sei': '5.07'}",CHEMBL3323410,,CHEMBL3323410,5.18,0,http://www.openphacts.org/units/Nanomolar,2265816,=,1,1,=,,IC50,nM,,6600.0,CHEMBL4051,Homo sapiens,Cystic fibrosis transmembrane conductance regulator,9606,,,IC50,uM,UO_0000065,,6.6
,,15008310,[],CHEMBL3368026,Correction of defective trafficking of human deltaF508 mutant CFTR protein expressed in FRT epithelial cells coexpressing YFP-H148Q/I152L protein assessed as iodide influx for 16 to 20 hrs by fluorescence assay,B,,,BAO_0000190,BAO_0000219,cell-based format,CN(C)c1ccc(Cl)cc1Nc1nc2c(s1)CCCc1nc(NC(=O)C(C)(C)C)sc1-2,,,CHEMBL3352726,J Med Chem,2014,"{'bei': '10.84', 'le': '0.23', 'lle': '-1.04', 'sei': '7.36'}",CHEMBL3323411,,CHEMBL3323411,5.16,0,http://www.openphacts.org/units/Nanomolar,2265817,=,1,1,=,,IC50,nM,,6900.0,CHEMBL4051,Homo sapiens,Cystic fibrosis transmembrane conductance regulator,9606,,,IC50,uM,UO_0000065,,6.9
,,15008311,[],CHEMBL3368026,Correction of defective trafficking of human deltaF508 mutant CFTR protein expressed in FRT epithelial cells coexpressing YFP-H148Q/I152L protein assessed as iodide influx for 16 to 20 hrs by fluorescence assay,B,,,BAO_0000190,BAO_0000219,cell-based format,Cc1cccnc1Nc1nc2c(s1)CCCc1nc(NC(=O)C(C)(C)C)sc1-2,,,CHEMBL3352726,J Med Chem,2014,"{'bei': '12.43', 'le': '0.25', 'lle': '-0.05', 'sei': '6.44'}",CHEMBL3323412,,CHEMBL3323412,5.14,0,http://www.openphacts.org/units/Nanomolar,2265818,=,1,1,=,,IC50,nM,,7200.0,CHEMBL4051,Homo sapiens,Cystic fibrosis transmembrane conductance regulator,9606,,,IC50,uM,UO_0000065,,7.2
,,15008312,[],CHEMBL3368026,Correction of defective trafficking of human deltaF508 mutant CFTR protein expressed in FRT epithelial cells coexpressing YFP-H148Q/I152L protein assessed as iodide influx for 16 to 20 hrs by fluorescence assay,B,,,BAO_0000190,BAO_0000219,cell-based format,CN(C)c1cccc(Nc2nc3c(s2)CCCc2nc(NC(=O)C(C)(C)C)sc2-3)c1,,,CHEMBL3352726,J Med Chem,2014,"{'bei': '12.81', 'le': '0.26', 'lle': '0.11', 'sei': '8.06'}",CHEMBL3323413,,CHEMBL3323413,5.66,0,http://www.openphacts.org/units/Nanomolar,2265819,=,1,1,=,,IC50,nM,,2200.0,CHEMBL4051,Homo sapiens,Cystic fibrosis transmembrane conductance regulator,9606,,,IC50,uM,UO_0000065,,2.2
,,15008313,[],CHEMBL3368026,Correction of defective trafficking of human deltaF508 mutant CFTR protein expressed in FRT epithelial cells coexpressing YFP-H148Q/I152L protein assessed as iodide influx for 16 to 20 hrs by fluorescence assay,B,,,BAO_0000190,BAO_0000219,cell-based format,COc1ccc([N+](=O)[O-])cc1Nc1nc2c(s1)CCCc1nc(NC(=O)C(C)(C)C)sc1-2,,,CHEMBL3352726,J Med Chem,2014,"{'bei': '11.49', 'le': '0.23', 'lle': '0.04', 'sei': '4.56'}",CHEMBL3323414,,CHEMBL3323414,5.44,0,http://www.openphacts.org/units/Nanomolar,2265820,=,1,1,=,,IC50,nM,,3600.0,CHEMBL4051,Homo sapiens,Cystic fibrosis transmembrane conductance regulator,9606,,,IC50,uM,UO_0000065,,3.6
,,15008314,[],CHEMBL3368026,Correction of defective trafficking of human deltaF508 mutant CFTR protein expressed in FRT epithelial cells coexpressing YFP-H148Q/I152L protein assessed as iodide influx for 16 to 20 hrs by fluorescence assay,B,,,BAO_0000190,BAO_0000219,cell-based format,CN(C)c1ccc(Cl)cc1Nc1nc2c(s1)CCCCc1nc(NC(=O)C(C)(C)C)sc1-2,,,CHEMBL3352726,J Med Chem,2014,"{'bei': '11.58', 'le': '0.24', 'lle': '-0.91', 'sei': '8.09'}",CHEMBL3323415,,CHEMBL3323415,5.68,0,http://www.openphacts.org/units/Nanomolar,2265821,=,1,1,=,,IC50,nM,,2100.0,CHEMBL4051,Homo sapiens,Cystic fibrosis transmembrane conductance regulator,9606,,,IC50,uM,UO_0000065,,2.1
,,15008315,[],CHEMBL3368026,Correction of defective trafficking of human deltaF508 mutant CFTR protein expressed in FRT epithelial cells coexpressing YFP-H148Q/I152L protein assessed as iodide influx for 16 to 20 hrs by fluorescence assay,B,,,BAO_0000190,BAO_0000219,cell-based format,Cc1cccnc1Nc1nc2c(s1)CCCCc1nc(NC(=O)C(C)(C)C)sc1-2,,,CHEMBL3352726,J Med Chem,2014,"{'bei': '12.36', 'le': '0.25', 'lle': '-0.30', 'sei': '6.62'}",CHEMBL3323416,,CHEMBL3323416,5.28,0,http://www.openphacts.org/units/Nanomolar,2265822,=,1,1,=,,IC50,nM,,5200.0,CHEMBL4051,Homo sapiens,Cystic fibrosis transmembrane conductance regulator,9606,,,IC50,uM,UO_0000065,,5.2
,,15008316,[],CHEMBL3368026,Correction of defective trafficking of human deltaF508 mutant CFTR protein expressed in FRT epithelial cells coexpressing YFP-H148Q/I152L protein assessed as iodide influx for 16 to 20 hrs by fluorescence assay,B,,,BAO_0000190,BAO_0000219,cell-based format,CN(C)c1cccc(Nc2nc3c(s2)CCCCc2nc(NC(=O)C(C)(C)C)sc2-3)c1,,,CHEMBL3352726,J Med Chem,2014,"{'bei': '11.60', 'le': '0.23', 'lle': '-0.66', 'sei': '7.53'}",CHEMBL3323417,,CHEMBL3323417,5.28,0,http://www.openphacts.org/units/Nanomolar,2265823,=,1,1,=,,IC50,nM,,5200.0,CHEMBL4051,Homo sapiens,Cystic fibrosis transmembrane conductance regulator,9606,,,IC50,uM,UO_0000065,,5.2
,,15008317,[],CHEMBL3368026,Correction of defective trafficking of human deltaF508 mutant CFTR protein expressed in FRT epithelial cells coexpressing YFP-H148Q/I152L protein assessed as iodide influx for 16 to 20 hrs by fluorescence assay,B,,,BAO_0000190,BAO_0000219,cell-based format,COc1ccc([N+](=O)[O-])cc1Nc1nc2c(s1)CCCCc1nc(NC(=O)C(C)(C)C)sc1-2,,,CHEMBL3352726,J Med Chem,2014,"{'bei': '12.40', 'le': '0.25', 'lle': '0.26', 'sei': '5.07'}",CHEMBL3323418,,CHEMBL3323418,6.05,0,http://www.openphacts.org/units/Nanomolar,2265824,=,1,1,=,,IC50,nM,,900.0,CHEMBL4051,Homo sapiens,Cystic fibrosis transmembrane conductance regulator,9606,,,IC50,uM,UO_0000065,,0.9
,,15008318,[],CHEMBL3368026,Correction of defective trafficking of human deltaF508 mutant CFTR protein expressed in FRT epithelial cells coexpressing YFP-H148Q/I152L protein assessed as iodide influx for 16 to 20 hrs by fluorescence assay,B,,,BAO_0000190,BAO_0000219,cell-based format,COc1ccc(Cl)cc1Nc1nc(-c2sc(NC(=O)c3ccccc3)nc2C)cs1,,,CHEMBL3352726,J Med Chem,2014,"{'bei': '11.43', 'le': '0.24', 'lle': '-1.01', 'sei': '6.86'}",CHEMBL260775,,CHEMBL260775,5.22,0,http://www.openphacts.org/units/Nanomolar,2265825,=,1,1,=,,IC50,nM,,6000.0,CHEMBL4051,Homo sapiens,Cystic fibrosis transmembrane conductance regulator,9606,,,IC50,uM,UO_0000065,,6.0
,,18674243,[],CHEMBL4235255,Inhibition of CFTR-mediated forskolin-induced chloride secretion in human T84 cells after 15 mins by short-circuit current analysis,B,,,BAO_0000190,BAO_0000219,cell-based format,CCCCCCCCC[C@@H]1C[C@H](O)[C@H]2C[N@]1O[C@@H]2c1ccccc1,,,CHEMBL4229502,Bioorg Med Chem,2018,"{'bei': '12.77', 'le': '0.24', 'lle': '-0.64', 'sei': '12.94'}",CHEMBL4243267,,CHEMBL4243267,4.23,0,http://www.openphacts.org/units/Nanomolar,3101639,=,1,1,=,,IC50,nM,,58620.0,CHEMBL4051,Homo sapiens,Cystic fibrosis transmembrane conductance regulator,9606,,,IC50,uM,UO_0000065,,58.62
,,19098860,[],CHEMBL4368070,Corrector activity at human CFTR F508del mutant expressed in rat FRT cells iodide influx incubated for 16 to 20 hrs followed by compound wash out and addition of forskolin and genistein and measured after 20 mins by fluorescence based assay,B,P13569,F508del,BAO_0000190,BAO_0000219,cell-based format,Cc1cccc(Nc2ncnc3onc(-c4ccc(F)cc4)c23)c1C,,,CHEMBL4364316,Eur J Med Chem,2019,"{'bei': '16.18', 'le': '0.30', 'lle': '0.63', 'sei': '8.47'}",CHEMBL1433758,,CHEMBL1433758,5.41,0,http://www.openphacts.org/units/Nanomolar,3186145,=,1,1,=,,IC50,nM,,3900.0,CHEMBL4051,Homo sapiens,Cystic fibrosis transmembrane conductance regulator,9606,,,IC50,uM,UO_0000065,,3.9
,,19098861,[],CHEMBL4368070,Corrector activity at human CFTR F508del mutant expressed in rat FRT cells iodide influx incubated for 16 to 20 hrs followed by compound wash out and addition of forskolin and genistein and measured after 20 mins by fluorescence based assay,B,P13569,F508del,BAO_0000190,BAO_0000219,cell-based format,Cc1cccc(Nc2ncnc3onc(-c4ccc(Cl)cc4)c23)c1C,,,CHEMBL4364316,Eur J Med Chem,2019,"{'bei': '15.42', 'le': '0.30', 'lle': '0.11', 'sei': '8.47'}",CHEMBL1316007,,CHEMBL1316007,5.41,0,http://www.openphacts.org/units/Nanomolar,3186146,=,1,1,=,,IC50,nM,,3900.0,CHEMBL4051,Homo sapiens,Cystic fibrosis transmembrane conductance regulator,9606,,,IC50,uM,UO_0000065,,3.9
,,19098862,[],CHEMBL4368070,Corrector activity at human CFTR F508del mutant expressed in rat FRT cells iodide influx incubated for 16 to 20 hrs followed by compound wash out and addition of forskolin and genistein and measured after 20 mins by fluorescence based assay,B,P13569,F508del,BAO_0000190,BAO_0000219,cell-based format,COc1cccc(Nc2ncnc3onc(-c4ccc(Cl)cc4)c23)c1,,,CHEMBL4364316,Eur J Med Chem,2019,"{'bei': '15.58', 'le': '0.30', 'lle': '0.80', 'sei': '7.52'}",CHEMBL4436328,,CHEMBL4436328,5.50,0,http://www.openphacts.org/units/Nanomolar,3186147,=,1,1,=,,IC50,nM,,3200.0,CHEMBL4051,Homo sapiens,Cystic fibrosis transmembrane conductance regulator,9606,,,IC50,uM,UO_0000065,,3.2
